"Date","Price","Open","High","Low","Vol.","Change %"
"01/26/2024","25,450.0","25,350.0","25,550.0","25,200.0","5.63M","0.79%"
"01/25/2024","25,250.0","25,250.0","25,300.0","24,850.0","5.62M","0.00%"
"01/24/2024","25,250.0","25,400.0","25,450.0","25,050.0","5.43M","-0.59%"
"01/23/2024","25,400.0","25,150.0","25,600.0","25,000.0","10.24M","1.60%"
"01/22/2024","25,000.0","25,000.0","25,050.0","24,700.0","7.58M","1.01%"
"01/19/2024","24,750.0","24,950.0","25,150.0","24,650.0","5.98M","-0.20%"
"01/18/2024","24,800.0","24,350.0","24,800.0","24,350.0","8.80M","1.85%"
"01/17/2024","24,350.0","24,500.0","24,600.0","24,300.0","5.47M","-0.20%"
"01/16/2024","24,400.0","23,700.0","24,400.0","23,700.0","4.44M","2.31%"
"01/15/2024","23,850.0","23,900.0","24,200.0","23,800.0","4.50M","0.85%"
"01/12/2024","23,650.0","24,150.0","24,150.0","23,500.0","10.25M","-2.87%"
"01/11/2024","24,350.0","24,200.0","24,350.0","24,000.0","5.83M","1.46%"
"01/10/2024","24,000.0","24,750.0","24,800.0","23,850.0","9.47M","-2.64%"
"01/09/2024","24,650.0","25,050.0","25,100.0","24,500.0","5.96M","-1.20%"
"01/08/2024","24,950.0","25,000.0","25,300.0","24,900.0","8.58M","0.60%"
"01/05/2024","24,800.0","24,800.0","25,050.0","24,600.0","7.30M","0.20%"
"01/04/2024","24,750.0","25,100.0","25,150.0","24,600.0","9.26M","-1.39%"
"01/03/2024","25,100.0","24,300.0","25,450.0","24,250.0","12.25M","2.87%"
"01/02/2024","24,400.0","25,000.0","25,000.0","24,350.0","5.76M","-1.21%"
"12/29/2023","24,700.0","24,500.0","24,800.0","24,500.0","6.33M","0.82%"
"12/28/2023","24,500.0","24,450.0","24,600.0","24,400.0","4.63M","0.20%"
"12/27/2023","24,450.0","24,750.0","24,800.0","24,450.0","4.93M","-0.61%"
"12/26/2023","24,600.0","24,600.0","25,000.0","24,550.0","8.19M","0.41%"
"12/25/2023","24,500.0","24,150.0","24,500.0","24,100.0","4.86M","1.66%"
"12/22/2023","24,100.0","24,150.0","24,300.0","23,800.0","4.05M","0.21%"
"12/21/2023","24,050.0","24,000.0","24,200.0","23,900.0","3.52M","-0.62%"
"12/20/2023","24,200.0","23,850.0","24,200.0","23,800.0","3.93M","1.68%"
"12/19/2023","23,800.0","23,500.0","23,800.0","23,250.0","4.65M","1.93%"
"12/18/2023","23,350.0","23,700.0","23,850.0","23,350.0","5.15M","-1.48%"
"12/15/2023","23,700.0","24,200.0","24,300.0","23,550.0","10.47M","-1.25%"
"12/14/2023","24,000.0","24,900.0","24,950.0","23,900.0","8.45M","-2.44%"
"12/13/2023","24,600.0","24,700.0","25,300.0","24,350.0","17.50M","0.82%"
"12/12/2023","24,400.0","24,550.0","24,650.0","24,300.0","4.17M","0.00%"
"12/11/2023","24,400.0","24,550.0","24,550.0","24,050.0","5.37M","0.83%"
"12/08/2023","24,200.0","24,500.0","24,650.0","24,050.0","6.44M","-1.22%"
"12/07/2023","24,500.0","24,900.0","24,900.0","23,500.0","17.19M","-1.21%"
"12/06/2023","24,800.0","24,600.0","24,900.0","24,450.0","7.04M","1.22%"
"12/05/2023","24,500.0","24,400.0","24,700.0","24,350.0","11.62M","1.03%"
"12/04/2023","24,250.0","23,200.0","24,250.0","23,200.0","15.14M","6.83%"
"12/01/2023","22,700.0","22,950.0","22,950.0","22,400.0","4.85M","0.00%"
"11/30/2023","22,700.0","23,000.0","23,350.0","22,700.0","5.45M","-1.09%"
"11/29/2023","22,950.0","23,000.0","23,000.0","22,700.0","4.18M","1.32%"
"11/28/2023","22,650.0","22,150.0","22,700.0","22,100.0","5.88M","2.49%"
"11/27/2023","22,100.0","22,650.0","22,950.0","22,100.0","4.48M","-2.43%"
"11/24/2023","22,650.0","22,800.0","22,800.0","21,600.0","9.57M","1.12%"
"11/23/2023","22,400.0","24,050.0","24,250.0","22,400.0","12.15M","-6.67%"
"11/22/2023","24,000.0","23,800.0","24,400.0","23,700.0","11.79M","1.69%"
"11/21/2023","23,600.0","23,500.0","23,650.0","23,300.0","5.87M","1.94%"
"11/20/2023","23,150.0","22,500.0","23,350.0","22,400.0","8.07M","0.22%"
"11/17/2023","23,100.0","23,600.0","24,100.0","23,000.0","13.08M","-1.91%"
"11/16/2023","23,550.0","23,100.0","23,550.0","22,950.0","7.32M","1.07%"
"11/15/2023","23,300.0","24,000.0","24,100.0","23,150.0","7.62M","-0.64%"
"11/14/2023","23,450.0","23,550.0","23,750.0","23,200.0","7.56M","0.86%"
"11/13/2023","23,250.0","23,100.0","23,450.0","22,500.0","6.20M","1.09%"
"11/10/2023","23,000.0","22,700.0","23,700.0","22,700.0","13.08M","-0.22%"
"11/09/2023","23,050.0","23,000.0","23,700.0","22,800.0","12.07M","0.88%"
"11/08/2023","22,850.0","21,500.0","22,850.0","21,450.0","10.37M","6.78%"
"11/07/2023","21,400.0","21,800.0","22,400.0","21,300.0","9.70M","-2.51%"
"11/06/2023","21,950.0","22,000.0","22,000.0","21,300.0","7.50M","1.39%"
"11/03/2023","21,650.0","21,350.0","22,100.0","21,150.0","11.37M","2.61%"
"11/02/2023","21,100.0","20,150.0","21,100.0","20,100.0","8.39M","6.84%"
"11/01/2023","19,750.0","19,100.0","19,800.0","19,050.0","6.62M","3.95%"
"10/31/2023","19,000.0","20,200.0","20,400.0","18,950.0","9.24M","-5.00%"
"10/30/2023","20,000.0","21,250.0","21,450.0","20,000.0","4.13M","-6.54%"
"10/27/2023","21,400.0","21,500.0","21,600.0","20,350.0","7.23M","0.71%"
"10/26/2023","21,250.0","22,250.0","22,250.0","21,250.0","15.54M","-6.80%"
"10/25/2023","22,800.0","23,350.0","23,550.0","22,700.0","4.52M","-2.15%"
"10/24/2023","23,300.0","22,750.0","23,400.0","22,450.0","5.66M","1.75%"
"10/23/2023","22,900.0","22,850.0","23,050.0","22,350.0","6.05M","-0.22%"
"10/20/2023","22,950.0","21,300.0","22,950.0","21,300.0","8.85M","6.74%"
"10/19/2023","21,500.0","22,450.0","22,500.0","21,450.0","9.56M","-4.02%"
"10/18/2023","22,400.0","23,600.0","23,650.0","21,650.0","14.95M","-3.66%"
"10/17/2023","23,250.0","25,300.0","25,400.0","23,250.0","7.66M","-7.00%"
"10/16/2023","25,000.0","25,700.0","25,800.0","25,000.0","7.16M","-2.34%"
"10/13/2023","25,600.0","25,350.0","25,900.0","25,000.0","7.82M","-0.58%"
"10/12/2023","25,750.0","25,900.0","26,100.0","25,500.0","7.88M","-0.19%"
"10/11/2023","25,800.0","25,200.0","25,800.0","25,100.0","7.35M","2.99%"
"10/10/2023","25,050.0","25,850.0","25,900.0","25,050.0","9.08M","-1.57%"
"10/09/2023","25,450.0","25,400.0","25,650.0","25,050.0","7.94M","-0.20%"
"10/06/2023","25,500.0","24,700.0","25,500.0","24,550.0","10.89M","4.72%"
"10/05/2023","24,350.0","24,500.0","24,800.0","24,150.0","8.64M","0.62%"
"10/04/2023","24,200.0","23,300.0","24,500.0","23,200.0","11.28M","3.20%"
"10/03/2023","23,450.0","24,300.0","24,950.0","23,300.0","13.77M","-5.63%"
"10/02/2023","24,850.0","24,250.0","25,100.0","24,050.0","6.95M","2.90%"
"09/29/2023","24,150.0","24,450.0","24,500.0","23,900.0","8.85M","0.84%"
"09/28/2023","23,950.0","24,000.0","24,200.0","23,300.0","9.00M","-0.21%"
"09/27/2023","24,000.0","22,950.0","24,000.0","22,750.0","10.08M","4.35%"
"09/26/2023","23,000.0","23,350.0","24,450.0","23,000.0","13.19M","-2.75%"
"09/25/2023","23,650.0","25,400.0","25,900.0","23,650.0","14.23M","-6.89%"
"09/22/2023","25,400.0","26,500.0","26,850.0","25,250.0","14.88M","-6.45%"
"09/21/2023","27,150.0","27,750.0","28,200.0","27,150.0","11.80M","-1.99%"
"09/20/2023","27,700.0","27,200.0","27,850.0","27,150.0","7.66M","2.03%"
"09/19/2023","27,150.0","26,900.0","27,150.0","26,100.0","12.18M","1.69%"
"09/18/2023","26,700.0","27,000.0","27,450.0","26,700.0","11.01M","-2.20%"
"09/15/2023","27,300.0","27,950.0","28,200.0","27,050.0","15.32M","-1.97%"
"09/14/2023","27,850.0","28,750.0","29,000.0","27,850.0","13.89M","-3.30%"
"09/13/2023","28,800.0","28,900.0","29,500.0","28,400.0","20.18M","0.00%"
"09/12/2023","28,800.0","28,300.0","28,900.0","27,700.0","12.30M","2.49%"
"09/11/2023","28,100.0","29,550.0","29,650.0","28,100.0","19.76M","-4.42%"
"09/08/2023","29,400.0","28,500.0","29,400.0","28,400.0","19.41M","2.62%"
"09/07/2023","28,650.0","29,400.0","29,500.0","28,550.0","21.34M","-1.55%"
"09/06/2023","29,100.0","28,950.0","29,250.0","28,550.0","15.59M","0.52%"
"09/05/2023","28,950.0","29,150.0","29,350.0","28,700.0","15.95M","0.17%"
"08/31/2023","28,900.0","27,800.0","28,900.0","27,600.0","33.01M","5.28%"
"08/30/2023","27,450.0","27,500.0","27,500.0","27,050.0","15.12M","0.55%"
"08/29/2023","27,300.0","26,900.0","27,800.0","26,900.0","29.32M","1.87%"
"08/28/2023","26,800.0","26,700.0","26,950.0","25,900.0","19.00M","1.13%"
"08/25/2023","26,500.0","27,950.0","28,300.0","26,500.0","33.15M","-2.21%"
"08/24/2023","27,100.0","26,700.0","27,200.0","26,450.0","12.33M","2.46%"
"08/23/2023","26,450.0","26,300.0","26,950.0","25,900.0","14.67M","1.73%"
"08/22/2023","26,000.0","26,300.0","26,400.0","24,750.0","17.62M","0.78%"
"08/21/2023","25,800.0","26,300.0","26,400.0","25,500.0","8.49M","1.18%"
"08/18/2023","25,500.0","26,800.0","27,850.0","26,000.0","38.16M","-4.85%"
"08/17/2023","26,800.0","26,850.0","27,500.0","26,550.0","19.07M","0.75%"
"08/16/2023","26,600.0","26,600.0","27,100.0","26,400.0","7.66M","0.00%"
"08/15/2023","26,600.0","26,450.0","27,150.0","26,300.0","10.99M","0.00%"
"08/14/2023","26,600.0","26,250.0","27,150.0","26,100.0","7.03M","2.31%"
"08/11/2023","26,000.0","26,250.0","26,450.0","25,300.0","10.86M","-0.76%"
"08/10/2023","26,200.0","26,750.0","26,850.0","25,950.0","8.95M","-1.87%"
"08/09/2023","26,700.0","26,650.0","27,050.0","26,500.0","9.37M","0.38%"
"08/08/2023","26,600.0","26,700.0","27,150.0","26,550.0","7.97M","0.38%"
"08/07/2023","26,500.0","26,700.0","26,900.0","26,350.0","13.53M","-1.85%"
"08/04/2023","27,000.0","26,300.0","27,500.0","26,150.0","11.23M","2.86%"
"08/03/2023","26,250.0","26,800.0","27,000.0","25,850.0","18.78M","-3.85%"
"08/02/2023","27,300.0","27,700.0","28,100.0","26,700.0","15.66M","-0.91%"
"08/01/2023","27,550.0","25,900.0","27,550.0","25,900.0","24.96M","6.99%"
"07/31/2023","25,750.0","25,800.0","26,200.0","25,550.0","9.82M","1.38%"
"07/28/2023","25,400.0","26,300.0","26,350.0","24,500.0","28.44M","-3.42%"
"07/27/2023","26,300.0","25,200.0","26,400.0","25,200.0","13.73M","4.78%"
"07/26/2023","25,100.0","25,300.0","25,300.0","24,850.0","8.93M","-0.79%"
"07/25/2023","25,300.0","25,800.0","26,250.0","25,000.0","13.28M","1.00%"
"07/24/2023","25,050.0","23,650.0","25,050.0","23,550.0","11.93M","6.82%"
"07/21/2023","23,450.0","23,300.0","23,550.0","23,150.0","8.05M","0.64%"
"07/20/2023","23,300.0","23,000.0","23,400.0","22,900.0","8.27M","1.08%"
"07/19/2023","23,050.0","23,100.0","23,500.0","23,000.0","9.98M","0.22%"
"07/18/2023","23,000.0","22,450.0","23,450.0","22,400.0","13.08M","1.32%"
"07/17/2023","22,700.0","23,000.0","23,150.0","22,700.0","8.45M","-0.44%"
"07/14/2023","22,800.0","22,300.0","22,950.0","22,200.0","14.50M","2.47%"
"07/13/2023","22,250.0","22,250.0","22,550.0","22,150.0","7.44M","0.68%"
"07/12/2023","22,100.0","21,950.0","22,400.0","21,900.0","7.80M","0.68%"
"07/11/2023","21,950.0","22,300.0","22,400.0","21,800.0","12.46M","-1.13%"
"07/10/2023","22,200.0","22,500.0","22,600.0","22,100.0","7.79M","0.23%"
"07/07/2023","22,150.0","21,200.0","22,300.0","21,200.0","18.83M","4.24%"
"07/06/2023","21,250.0","21,450.0","21,550.0","21,100.0","8.31M","-0.47%"
"07/05/2023","21,350.0","21,600.0","22,000.0","21,350.0","12.13M","0.00%"
"07/04/2023","21,350.0","21,100.0","21,350.0","21,050.0","6.24M","1.43%"
"07/03/2023","21,050.0","21,050.0","21,550.0","20,950.0","6.41M","0.96%"
"06/30/2023","20,850.0","20,900.0","21,150.0","20,800.0","4.86M","0.00%"
"06/29/2023","20,850.0","21,300.0","21,500.0","20,850.0","12.38M","-2.11%"
"06/28/2023","21,300.0","21,750.0","21,800.0","21,250.0","9.76M","-1.39%"
"06/27/2023","21,600.0","21,900.0","21,900.0","21,550.0","6.88M","-0.46%"
"06/26/2023","21,700.0","21,750.0","21,900.0","21,200.0","15.25M","1.64%"
"06/23/2023","21,350.0","21,350.0","21,850.0","21,200.0","9.64M","0.23%"
"06/22/2023","21,300.0","21,500.0","21,500.0","21,150.0","10.75M","0.00%"
"06/21/2023","21,300.0","21,300.0","21,450.0","21,100.0","11.08M","0.95%"
"06/20/2023","21,100.0","20,550.0","21,100.0","20,350.0","10.08M","3.94%"
"06/19/2023","20,300.0","20,000.0","20,800.0","20,000.0","14.58M","2.53%"
"06/16/2023","19,800.0","19,950.0","20,300.0","19,650.0","9.51M","0.76%"
"06/15/2023","19,650.0","19,700.0","19,900.0","19,500.0","5.14M","-0.76%"
"06/14/2023","19,800.0","20,300.0","20,300.0","19,800.0","9.99M","-0.09%"
"06/13/2023","19,818.2","20,136.4","20,136.4","19,636.4","13.93M","-0.91%"
"06/12/2023","20,000.0","19,636.4","20,181.8","19,500.0","16.13M","2.56%"
"06/09/2023","19,500.0","19,636.4","19,727.3","19,090.9","12.17M","-0.23%"
"06/08/2023","19,545.5","20,545.5","20,545.5","19,545.5","22.53M","-4.23%"
"06/07/2023","20,409.1","20,181.8","20,681.8","20,136.4","16.81M","2.98%"
"06/06/2023","19,818.2","19,545.5","19,818.2","19,409.1","12.46M","1.40%"
"06/05/2023","19,545.5","20,000.0","20,181.8","19,545.5","9.60M","-0.92%"
"06/02/2023","19,727.3","19,363.6","19,818.2","19,000.0","18.87M","4.08%"
"06/01/2023","18,954.5","19,045.5","19,227.3","18,863.6","11.02M","-0.24%"
"05/31/2023","19,000.0","19,318.2","19,727.3","18,954.5","12.23M","-1.41%"
"05/30/2023","19,272.7","19,318.2","19,454.5","19,045.5","11.82M","0.47%"
"05/29/2023","19,181.8","19,090.9","19,454.5","18,863.6","15.50M","1.69%"
"05/26/2023","18,863.6","18,909.1","19,272.7","18,772.7","10.51M","0.73%"
"05/25/2023","18,727.3","18,363.6","18,954.5","18,227.3","15.77M","1.73%"
"05/24/2023","18,409.1","18,454.5","18,727.3","18,318.2","12.03M","0.00%"
"05/23/2023","18,409.1","18,727.3","18,772.7","18,318.2","9.01M","-1.46%"
"05/22/2023","18,681.8","17,909.1","18,818.2","17,863.6","17.38M","5.38%"
"05/19/2023","17,727.3","17,590.9","17,818.2","17,454.5","4.72M","1.04%"
"05/18/2023","17,545.5","17,636.4","17,818.2","17,545.5","4.93M","0.00%"
"05/17/2023","17,545.5","18,090.9","18,136.4","17,545.5","8.66M","-2.77%"
"05/16/2023","18,045.5","18,136.4","18,409.1","18,000.0","6.47M","-0.25%"
"05/15/2023","18,090.9","18,545.5","18,636.4","18,090.9","6.45M","-0.75%"
"05/12/2023","18,227.3","17,818.2","18,454.5","17,818.2","10.35M","1.78%"
"05/11/2023","17,909.1","18,000.0","18,090.9","17,863.6","8.47M","0.00%"
"05/10/2023","17,909.1","17,909.1","18,045.5","17,727.3","6.09M","0.25%"
"05/09/2023","17,863.6","17,909.1","18,090.9","17,818.2","4.90M","0.51%"
"05/08/2023","17,772.7","17,500.0","17,772.7","17,500.0","4.52M","2.09%"
"05/05/2023","17,409.1","17,454.5","17,590.9","17,409.1","2.48M","-0.78%"
"05/04/2023","17,545.5","17,318.2","17,772.7","17,227.3","4.64M","0.78%"
"04/28/2023","17,409.1","17,636.4","17,636.4","17,363.6","4.23M","-0.26%"
"04/27/2023","17,454.5","17,545.5","17,772.7","17,454.5","3.73M","-0.52%"
"04/26/2023","17,545.5","17,181.8","17,545.5","17,045.5","3.29M","2.12%"
"04/25/2023","17,181.8","17,409.1","17,636.4","17,181.8","4.11M","-0.53%"
"04/24/2023","17,272.7","17,454.5","17,590.9","17,136.4","5.20M","-1.04%"
"04/21/2023","17,454.5","17,818.2","17,909.1","17,318.2","8.33M","-2.04%"
"04/20/2023","17,818.2","17,954.5","18,045.5","17,727.3","3.27M","-0.51%"
"04/19/2023","17,909.1","18,363.6","18,363.6","17,909.1","4.56M","-2.23%"
"04/18/2023","18,318.2","17,818.2","18,409.1","17,727.3","13.55M","3.33%"
"04/17/2023","17,727.3","17,818.2","18,000.0","17,636.4","4.76M","0.00%"
"04/14/2023","17,727.3","18,181.8","18,227.3","17,727.3","9.14M","-2.01%"
"04/13/2023","18,090.9","18,272.7","18,363.6","18,090.9","5.24M","-0.99%"
"04/12/2023","18,272.7","18,363.6","18,545.5","18,181.8","9.95M","0.00%"
"04/11/2023","18,272.7","18,136.4","18,318.2","18,000.0","8.28M","0.75%"
"04/10/2023","18,136.4","19,090.9","19,227.3","18,136.4","23.26M","-4.55%"
"04/07/2023","19,000.0","19,090.9","19,181.8","18,772.7","7.81M","-0.48%"
"04/06/2023","19,090.9","19,318.2","19,954.5","19,045.5","28.15M","-0.24%"
"04/05/2023","19,136.4","18,909.1","19,272.7","18,818.2","11.27M","1.20%"
"04/04/2023","18,909.1","19,181.8","19,409.1","18,909.1","12.96M","-0.72%"
"04/03/2023","19,045.5","18,909.1","19,045.5","18,636.4","11.91M","2.95%"
"03/31/2023","18,500.0","18,681.8","18,772.7","18,136.4","10.47M","-0.49%"
"03/30/2023","18,590.9","19,181.8","19,272.7","18,590.9","8.55M","-1.45%"
"03/29/2023","18,863.6","18,818.2","18,954.5","18,590.9","8.25M","0.00%"
"03/28/2023","18,863.6","19,227.3","19,727.3","18,863.6","12.22M","-1.19%"
"03/27/2023","19,090.9","18,409.1","19,090.9","18,272.7","14.08M","4.22%"
"03/24/2023","18,318.2","18,000.0","18,636.4","18,000.0","12.45M","2.28%"
"03/23/2023","17,909.1","17,818.2","18,090.9","17,727.3","3.36M","0.00%"
"03/22/2023","17,909.1","18,227.3","18,454.5","17,909.1","4.91M","-1.25%"
"03/21/2023","18,136.4","18,000.0","18,181.8","17,636.4","4.26M","2.31%"
"03/20/2023","17,727.3","18,000.0","18,545.5","17,727.3","5.09M","-2.74%"
"03/17/2023","18,227.3","18,318.2","18,363.6","18,000.0","3.90M","0.75%"
"03/16/2023","18,090.9","18,090.9","18,272.7","17,727.3","4.18M","-1.73%"
"03/15/2023","18,409.1","18,090.9","18,500.0","17,818.2","4.57M","5.47%"
"03/14/2023","17,454.5","18,181.8","18,454.5","17,409.1","8.66M","-4.71%"
"03/13/2023","18,318.2","18,500.0","18,590.9","18,181.8","4.82M","-2.18%"
"03/10/2023","18,727.3","18,818.2","19,000.0","18,454.5","7.65M","-1.44%"
"03/09/2023","19,000.0","19,181.8","19,318.2","18,954.5","6.58M","-0.48%"
"03/08/2023","19,090.9","18,136.4","19,090.9","18,000.0","9.86M","4.48%"
"03/07/2023","18,272.7","18,272.7","18,363.6","18,000.0","3.58M","1.51%"
"03/06/2023","18,000.0","18,181.8","18,454.5","17,863.6","3.71M","1.02%"
"03/03/2023","17,818.2","18,181.8","18,545.5","17,818.2","5.27M","-1.75%"
"03/02/2023","18,136.4","18,681.8","18,772.7","18,090.9","3.23M","-2.21%"
"03/01/2023","18,545.5","17,454.5","18,545.5","17,318.2","5.56M","6.25%"
"02/28/2023","17,454.5","17,681.8","17,954.5","17,363.6","4.54M","0.00%"
"02/27/2023","17,454.5","18,000.0","18,090.9","17,272.7","7.70M","-4.71%"
"02/24/2023","18,318.2","19,000.0","19,181.8","18,227.3","4.41M","-3.59%"
"02/23/2023","19,000.0","18,772.7","19,000.0","17,818.2","10.42M","1.21%"
"02/22/2023","18,772.7","19,090.9","19,954.5","18,772.7","12.99M","-3.95%"
"02/21/2023","19,545.5","19,954.5","20,500.0","19,318.2","15.97M","-0.92%"
"02/20/2023","19,727.3","19,272.7","19,727.3","19,000.0","7.85M","4.08%"
"02/17/2023","18,954.5","18,590.9","19,409.1","18,545.5","9.57M","1.71%"
"02/16/2023","18,636.4","18,636.4","18,772.7","18,363.6","5.38M","1.74%"
"02/15/2023","18,318.2","17,181.8","18,318.2","17,181.8","11.05M","6.90%"
"02/14/2023","17,136.4","17,227.3","17,454.5","17,000.0","3.63M","0.80%"
"02/13/2023","17,000.0","17,227.3","17,454.5","16,636.4","7.10M","-3.11%"
"02/10/2023","17,545.5","18,000.0","18,136.4","17,545.5","4.36M","-2.77%"
"02/09/2023","18,045.5","17,954.5","18,318.2","17,818.2","4.10M","0.51%"
"02/08/2023","17,954.5","17,863.6","18,409.1","17,090.9","7.55M","2.07%"
"02/07/2023","17,590.9","18,863.6","18,863.6","17,454.5","8.62M","-5.61%"
"02/06/2023","18,636.4","18,454.5","18,909.1","18,409.1","4.78M","-0.49%"
"02/03/2023","18,727.3","18,181.8","19,090.9","18,181.8","7.68M","3.78%"
"02/02/2023","18,045.5","18,545.5","18,681.8","18,000.0","9.33M","-2.46%"
"02/01/2023","18,500.0","20,000.0","20,181.8","18,500.0","13.81M","-6.86%"
"01/31/2023","19,863.6","18,818.2","19,863.6","18,727.3","9.57M","4.80%"
"01/30/2023","18,954.5","19,636.4","20,136.4","18,909.1","15.04M","-3.47%"
"01/27/2023","19,636.4","19,545.5","20,181.8","19,318.2","10.10M","1.89%"
"01/19/2023","19,272.7","18,818.2","19,272.7","18,727.3","8.56M","1.44%"
"01/18/2023","19,000.0","18,681.8","19,272.7","18,409.1","9.43M","1.95%"
"01/17/2023","18,636.4","18,454.5","19,045.5","18,454.5","9.67M","1.99%"
"01/16/2023","18,272.7","18,000.0","18,636.4","17,818.2","9.53M","2.03%"
"01/13/2023","17,909.1","18,590.9","18,818.2","17,909.1","10.14M","-3.19%"
"01/12/2023","18,500.0","17,818.2","18,500.0","17,545.5","12.38M","4.36%"
"01/11/2023","17,727.3","18,000.0","18,090.9","17,590.9","9.68M","0.78%"
"01/10/2023","17,590.9","16,454.5","17,590.9","16,045.5","17.31M","6.91%"
"01/09/2023","16,454.5","16,863.6","17,045.5","16,318.2","7.34M","-1.09%"
"01/06/2023","16,636.4","17,545.5","17,545.5","16,636.4","10.33M","-4.44%"
"01/05/2023","17,409.1","16,681.8","17,409.1","16,545.5","11.59M","4.93%"
"01/04/2023","16,590.9","17,227.3","17,590.9","16,590.9","13.33M","-1.08%"
"01/03/2023","16,772.7","16,090.9","16,772.7","16,045.5","8.48M","6.96%"
"12/30/2022","15,681.8","15,318.2","16,090.9","15,045.5","7.75M","3.60%"
"12/29/2022","15,136.4","14,863.6","15,636.4","14,863.6","6.84M","1.22%"
"12/28/2022","14,954.5","15,272.7","15,409.1","14,863.6","4.72M","-2.08%"
"12/27/2022","15,272.7","14,636.4","15,272.7","14,363.6","4.65M","6.33%"
"12/26/2022","14,363.6","14,863.6","15,590.9","14,181.8","9.24M","-2.47%"
"12/23/2022","14,727.3","14,636.4","15,181.8","14,545.5","4.79M","1.25%"
"12/22/2022","14,545.5","14,909.1","14,909.1","14,000.0","5.87M","0.63%"
"12/21/2022","14,454.5","15,454.5","15,454.5","14,045.5","8.19M","-4.22%"
"12/20/2022","15,090.9","16,090.9","16,272.7","15,090.9","15.02M","-6.74%"
"12/19/2022","16,181.8","16,636.4","17,181.8","16,181.8","13.44M","-5.32%"
"12/16/2022","17,090.9","16,318.2","17,590.9","16,272.7","11.11M","2.45%"
"12/15/2022","16,681.8","16,818.2","17,000.0","16,227.3","7.89M","-0.81%"
"12/14/2022","16,818.2","17,363.6","18,000.0","16,818.2","9.62M","-2.63%"
"12/13/2022","17,272.7","16,363.6","17,272.7","15,818.2","12.34M","5.56%"
"12/12/2022","16,363.6","17,272.7","17,500.0","16,363.6","15.78M","-0.28%"
"12/09/2022","16,409.1","15,318.2","16,409.1","14,863.6","15.06M","6.81%"
"12/08/2022","15,363.6","15,000.0","15,818.2","14,863.6","9.20M","3.68%"
"12/07/2022","14,818.2","15,000.0","15,545.5","14,318.2","9.25M","-1.81%"
"12/06/2022","15,090.9","15,636.4","16,090.9","15,090.9","22.08M","-6.74%"
"12/05/2022","16,181.8","15,818.2","16,181.8","15,590.9","11.63M","6.91%"
"12/02/2022","15,136.4","13,818.2","15,136.4","13,727.3","12.77M","6.73%"
"12/01/2022","14,181.8","14,545.5","15,136.4","13,863.6","13.54M","0.00%"
"11/30/2022","14,181.8","14,045.5","14,272.7","13,545.5","9.76M","1.96%"
"11/29/2022","13,909.1","13,727.3","14,045.5","13,000.0","11.72M","3.03%"
"11/28/2022","13,500.0","13,318.2","13,500.0","13,272.7","6.04M","6.83%"
"11/25/2022","12,636.4","12,272.7","12,636.4","12,000.0","5.69M","6.92%"
"11/24/2022","11,818.2","11,590.9","12,000.0","11,227.3","5.58M","-0.38%"
"11/23/2022","11,863.6","12,454.5","12,863.6","11,863.6","4.93M","-6.79%"
"11/22/2022","12,727.3","12,909.1","13,727.3","12,545.5","8.35M","-1.41%"
"11/21/2022","12,909.1","12,818.2","13,181.8","12,590.9","6.09M","2.90%"
"11/18/2022","12,545.5","11,454.5","12,545.5","10,954.5","9.09M","6.98%"
"11/17/2022","11,727.3","11,863.6","12,090.9","11,545.5","3.28M","2.38%"
"11/16/2022","11,454.5","10,000.0","11,454.5","10,000.0","14.47M","6.78%"
"11/15/2022","10,727.3","10,727.3","11,000.0","10,727.3","3.75M","-6.72%"
"11/14/2022","11,500.0","11,818.2","12,000.0","11,500.0","3.78M","-6.64%"
"11/11/2022","12,318.2","13,590.9","13,636.4","12,318.2","8.73M","-6.87%"
"11/10/2022","13,227.3","13,636.4","14,000.0","13,227.3","4.72M","-6.73%"
"11/09/2022","14,181.8","14,090.9","14,727.3","13,909.1","4.53M","1.96%"
"11/08/2022","13,909.1","12,818.2","14,090.9","12,818.2","4.94M","4.44%"
"11/07/2022","13,318.2","14,409.1","14,818.2","13,318.2","8.33M","-6.98%"
"11/04/2022","14,318.2","15,090.9","15,363.6","14,318.2","9.61M","-6.80%"
"11/03/2022","15,363.6","14,090.9","15,363.6","14,090.9","9.08M","6.96%"
"11/02/2022","14,363.6","14,636.4","14,954.5","14,363.6","4.78M","-0.63%"
"11/01/2022","14,454.5","14,818.2","14,954.5","14,454.5","4.30M","-0.31%"
"10/31/2022","14,500.0","13,818.2","14,545.5","13,318.2","6.86M","5.98%"
"10/28/2022","13,681.8","13,500.0","14,045.5","13,454.5","7.32M","4.15%"
"10/27/2022","13,136.4","12,454.5","13,136.4","12,318.2","4.16M","6.64%"
"10/26/2022","12,318.2","13,181.8","13,363.6","12,318.2","3.98M","-4.58%"
"10/25/2022","12,909.1","13,181.8","14,045.5","12,500.0","7.66M","-3.73%"
"10/24/2022","13,409.1","14,500.0","14,545.5","13,409.1","5.25M","-6.94%"
"10/21/2022","14,409.1","15,454.5","15,727.3","14,409.1","8.54M","-6.76%"
"10/20/2022","15,454.5","15,954.5","16,500.0","15,454.5","7.02M","-3.96%"
"10/19/2022","16,090.9","16,045.5","16,545.5","15,954.5","4.90M","0.57%"
"10/18/2022","16,000.0","16,545.5","16,818.2","15,954.5","7.07M","-0.85%"
"10/17/2022","16,136.4","15,090.9","16,136.4","14,863.6","7.88M","6.93%"
"10/14/2022","15,090.9","15,227.3","15,409.1","15,000.0","5.59M","3.11%"
"10/13/2022","14,636.4","14,363.6","14,727.3","14,227.3","4.89M","4.55%"
"10/12/2022","14,000.0","14,181.8","15,272.7","13,727.3","8.17M","-3.75%"
"10/11/2022","14,545.5","15,545.5","15,545.5","14,545.5","5.01M","-6.98%"
"10/10/2022","15,636.4","15,090.9","15,909.1","14,409.1","6.35M","3.30%"
"10/07/2022","15,136.4","15,545.5","15,863.6","15,136.4","10.46M","-6.72%"
"10/06/2022","16,227.3","17,272.7","17,590.9","16,227.3","7.24M","-6.79%"
"10/05/2022","17,409.1","17,227.3","17,772.7","17,000.0","5.29M","3.23%"
"10/04/2022","16,863.6","18,318.2","18,500.0","16,863.6","8.67M","-6.78%"
"10/03/2022","18,090.9","19,090.9","19,818.2","18,090.9","7.92M","-6.79%"
"09/30/2022","19,409.1","19,363.6","19,954.5","18,909.1","13.53M","-4.47%"
"09/29/2022","20,318.2","21,772.7","21,909.1","20,318.2","13.92M","-6.87%"
"09/28/2022","21,818.2","23,227.3","23,363.6","21,818.2","15.99M","-6.98%"
"09/27/2022","23,454.5","24,000.0","24,090.9","23,454.5","6.99M","-0.77%"
"09/26/2022","23,636.4","22,454.5","23,636.4","21,909.1","14.02M","3.17%"
"09/23/2022","22,909.1","23,590.9","24,227.3","22,909.1","11.57M","-2.33%"
"09/22/2022","23,454.5","22,590.9","23,454.5","22,500.0","8.62M","3.82%"
"09/21/2022","22,590.9","21,818.2","23,454.5","21,818.2","10.66M","2.05%"
"09/20/2022","22,136.4","22,954.5","23,000.0","21,727.3","9.25M","-2.40%"
"09/19/2022","22,681.8","23,181.8","23,772.7","22,545.5","11.70M","-1.19%"
"09/16/2022","22,954.5","21,727.3","23,181.8","21,590.9","16.63M","5.21%"
"09/15/2022","21,818.2","22,272.7","22,500.0","21,772.7","5.85M","-0.83%"
"09/14/2022","22,000.0","20,454.5","22,181.8","20,454.5","17.51M","5.22%"
"09/13/2022","20,909.1","20,136.4","20,909.1","20,045.5","4.83M","4.31%"
"09/12/2022","20,045.5","20,681.8","20,727.3","20,045.5","2.54M","-1.12%"
"09/09/2022","20,272.7","20,181.8","20,363.6","18,863.6","4.61M","1.36%"
"09/08/2022","20,000.0","20,818.2","20,818.2","19,909.1","4.80M","-2.22%"
"09/07/2022","20,454.5","20,909.1","21,272.7","20,454.5","7.55M","-2.60%"
"09/06/2022","21,000.0","20,636.4","21,318.2","20,545.5","7.66M","2.90%"
"09/05/2022","20,409.1","19,727.3","20,590.9","19,727.3","3.75M","3.70%"
"08/31/2022","19,681.8","19,636.4","19,954.5","19,545.5","2.45M","-0.23%"
"08/30/2022","19,727.3","19,954.5","20,136.4","19,727.3","3.08M","0.00%"
"08/29/2022","19,727.3","19,500.0","20,090.9","19,363.6","4.79M","-2.69%"
"08/26/2022","20,272.7","20,500.0","20,772.7","20,272.7","3.57M","-1.55%"
"08/25/2022","20,590.9","20,545.5","20,772.7","20,454.5","2.64M","0.00%"
"08/24/2022","20,590.9","20,590.9","20,909.1","20,500.0","2.95M","0.22%"
"08/23/2022","20,545.5","19,272.7","20,545.5","19,272.7","3.40M","4.63%"
"08/22/2022","19,636.4","20,227.3","20,363.6","19,590.9","5.32M","-4.00%"
"08/19/2022","20,454.5","21,045.5","21,181.8","20,227.3","6.63M","-2.81%"
"08/18/2022","21,045.5","21,181.8","21,363.6","21,045.5","3.26M","-1.07%"
"08/17/2022","21,272.7","21,909.1","22,045.5","21,227.3","4.61M","-1.68%"
"08/16/2022","21,636.4","21,363.6","21,818.2","21,227.3","5.65M","1.93%"
"08/15/2022","21,227.3","21,045.5","21,272.7","20,909.1","6.00M","1.30%"
"08/12/2022","20,954.5","20,909.1","21,272.7","20,818.2","3.66M","0.22%"
"08/11/2022","20,909.1","22,227.3","22,227.3","20,818.2","5.65M","-3.77%"
"08/10/2022","21,727.3","21,363.6","22,181.8","21,181.8","4.94M","1.49%"
"08/09/2022","21,409.1","21,681.8","21,681.8","21,318.2","3.45M","-0.63%"
"08/08/2022","21,545.5","21,636.4","22,181.8","21,454.5","4.00M","0.00%"
"08/05/2022","21,545.5","21,090.9","21,545.5","20,909.1","3.86M","1.94%"
"08/04/2022","21,136.4","21,318.2","21,681.8","21,090.9","3.75M","-0.64%"
"08/03/2022","21,272.7","21,090.9","21,636.4","20,818.2","5.68M","-0.43%"
"08/02/2022","21,363.6","21,363.6","21,772.7","21,227.3","5.67M","0.86%"
"08/01/2022","21,181.8","20,818.2","21,318.2","20,727.3","5.60M","3.56%"
"07/29/2022","20,454.5","20,409.1","20,772.7","20,181.8","3.93M","0.45%"
"07/28/2022","20,363.6","20,818.2","21,045.5","20,363.6","5.00M","0.00%"
"07/27/2022","20,363.6","19,272.7","20,363.6","19,272.7","4.79M","4.19%"
"07/26/2022","19,545.5","18,954.5","19,818.2","18,954.5","5.76M","3.12%"
"07/25/2022","18,954.5","19,181.8","19,363.6","18,909.1","3.50M","-1.18%"
"07/22/2022","19,181.8","18,863.6","19,772.7","18,863.6","5.01M","1.69%"
"07/21/2022","18,863.6","18,909.1","19,272.7","18,772.7","2.99M","-1.43%"
"07/20/2022","19,136.4","19,272.7","19,681.8","19,000.0","3.38M","2.18%"
"07/19/2022","18,727.3","19,000.0","19,045.5","18,318.2","3.09M","-1.67%"
"07/18/2022","19,045.5","18,272.7","19,318.2","18,181.8","8.19M","5.28%"
"07/15/2022","18,090.9","17,909.1","18,363.6","17,909.1","3.25M","1.02%"
"07/14/2022","17,909.1","17,454.5","17,909.1","17,454.5","2.73M","1.55%"
"07/13/2022","17,636.4","18,000.0","18,318.2","17,636.4","3.99M","-1.27%"
"07/12/2022","17,863.6","17,181.8","17,954.5","17,090.9","3.18M","3.97%"
"07/11/2022","17,181.8","16,863.6","17,500.0","16,772.7","4.55M","2.72%"
"07/08/2022","16,727.3","15,818.2","16,727.3","15,818.2","3.08M","6.98%"
"07/07/2022","15,636.4","15,454.5","15,863.6","15,318.2","1.97M","0.58%"
"07/06/2022","15,545.5","15,818.2","16,181.8","15,545.5","2.51M","-2.56%"
"07/05/2022","15,954.5","16,818.2","16,818.2","15,954.5","2.25M","-4.62%"
"07/04/2022","16,727.3","16,909.1","16,954.5","16,500.0","1.60M","1.10%"
"07/01/2022","16,545.5","15,909.1","16,727.3","15,545.5","2.79M","4.00%"
"06/30/2022","15,909.1","17,090.9","17,454.5","15,909.1","2.64M","-5.41%"
"06/29/2022","16,818.2","16,652.9","16,859.5","16,405.0","4.09M","0.74%"
"06/28/2022","16,694.2","16,446.3","17,148.8","16,446.3","3.17M","2.28%"
"06/27/2022","16,322.3","15,991.7","16,363.6","15,702.5","2.61M","2.33%"
"06/24/2022","15,950.4","15,950.4","16,446.3","15,785.1","3.58M","1.05%"
"06/23/2022","15,785.1","15,578.5","15,785.1","15,247.9","1.81M","1.33%"
"06/22/2022","15,578.5","14,876.0","15,578.5","14,628.1","3.91M","6.80%"
"06/21/2022","14,586.8","14,628.1","15,578.5","14,545.5","6.70M","-6.61%"
"06/20/2022","15,619.8","16,528.9","17,190.1","15,619.8","3.04M","-6.90%"
"06/17/2022","16,776.9","17,272.7","17,438.0","16,776.9","6.89M","-6.88%"
"06/16/2022","18,016.5","18,347.1","18,636.4","18,016.5","3.05M","0.00%"
"06/15/2022","18,016.5","20,165.3","20,165.3","18,016.5","5.78M","-6.84%"
"06/14/2022","19,338.8","19,338.8","19,958.7","19,090.9","3.53M","-2.50%"
"06/13/2022","19,834.7","20,578.5","20,743.8","19,834.7","5.40M","-6.98%"
"06/10/2022","21,322.3","21,157.0","21,983.5","21,157.0","4.79M","-0.77%"
"06/09/2022","21,487.6","21,322.3","21,859.5","21,322.3","2.77M","0.78%"
"06/08/2022","21,322.3","20,661.2","21,405.0","20,661.2","3.78M","4.45%"
"06/07/2022","20,413.2","20,661.2","20,702.5","19,421.5","4.65M","-1.59%"
"06/06/2022","20,743.8","21,157.0","21,735.5","20,661.2","4.00M","-2.71%"
"06/03/2022","21,322.3","21,983.5","22,066.1","21,033.1","5.15M","-3.01%"
"06/02/2022","21,983.5","22,686.0","22,975.2","21,983.5","3.84M","-2.92%"
"06/01/2022","22,644.6","22,479.3","23,016.5","22,396.7","3.22M","0.55%"
"05/31/2022","22,520.7","22,272.7","22,809.9","22,107.4","4.43M","0.93%"
"05/30/2022","22,314.1","22,479.3","22,809.9","22,231.4","2.86M","0.19%"
"05/27/2022","22,272.7","22,272.7","22,644.6","22,148.8","3.14M","0.19%"
"05/26/2022","22,231.4","22,727.3","22,975.2","22,231.4","4.01M","-2.00%"
"05/25/2022","22,686.0","21,652.9","22,727.3","21,611.6","4.46M","5.58%"
"05/24/2022","21,487.6","21,900.8","21,900.8","20,743.8","3.39M","-1.14%"
"05/23/2022","21,735.5","22,130.7","22,209.8","20,866.1","4.06M","0.36%"
"05/20/2022","21,656.5","21,814.6","22,288.8","21,340.4","5.14M","1.11%"
"05/19/2022","21,419.4","20,115.3","21,735.5","20,115.3","4.76M","3.04%"
"05/18/2022","20,787.1","20,787.1","21,538.0","20,629.0","4.16M","2.33%"
"05/17/2022","20,312.9","19,364.4","20,312.9","19,166.8","3.84M","6.86%"
"05/16/2022","19,008.7","19,759.6","20,115.3","18,969.2","3.46M","-0.21%"
"05/13/2022","19,048.2","20,391.9","20,708.1","19,048.2","7.81M","-6.95%"
"05/12/2022","20,470.9","21,893.6","22,525.9","20,470.9","4.37M","-6.83%"
"05/11/2022","21,972.7","21,972.7","22,446.9","21,656.5","2.74M","1.28%"
"05/10/2022","21,696.0","20,391.9","21,814.6","20,233.8","4.34M","0.00%"
"05/09/2022","21,696.0","22,288.8","22,881.6","21,696.0","4.67M","-6.95%"
"05/06/2022","23,316.3","24,106.7","24,778.5","23,316.3","3.84M","-6.35%"
"05/05/2022","24,897.1","25,647.9","25,647.9","24,185.7","5.73M","0.48%"
"05/04/2022","24,778.5","23,711.5","24,778.5","23,474.4","6.67M","7.00%"
"04/29/2022","23,158.2","22,763.0","23,395.4","22,605.0","3.99M","1.03%"
"04/28/2022","22,921.1","23,355.8","23,909.1","22,921.1","3.38M","-1.69%"
"04/27/2022","23,316.3","23,079.2","23,632.5","22,525.9","3.07M","0.68%"
"04/26/2022","23,158.2","21,458.9","23,197.8","21,419.4","6.11M","1.74%"
"04/25/2022","22,763.0","24,106.7","24,660.0","22,763.0","6.30M","-6.95%"
"04/22/2022","24,462.4","25,371.3","26,003.6","23,553.4","4.16M","-3.28%"
"04/21/2022","25,292.3","23,316.3","26,043.1","23,079.2","8.65M","3.56%"
"04/20/2022","24,422.9","25,292.3","26,043.1","24,422.9","8.36M","-6.93%"
"04/19/2022","26,240.7","28,177.2","28,532.8","26,240.7","7.27M","-6.87%"
"04/18/2022","28,177.2","30,034.6","30,034.6","28,177.2","10.16M","-6.92%"
"04/15/2022","30,271.7","32,247.7","32,287.2","30,271.7","7.09M","-6.13%"
"04/14/2022","32,247.7","33,196.1","33,433.2","32,247.7","3.07M","-2.74%"
"04/13/2022","33,156.6","32,563.8","33,156.6","31,615.3","3.97M","2.32%"
"04/12/2022","32,405.7","33,749.4","34,144.6","32,405.7","4.93M","-3.87%"
"04/08/2022","33,709.9","34,460.7","34,500.2","33,670.3","4.36M","-2.18%"
"04/07/2022","34,460.7","35,290.6","35,448.7","34,381.7","3.77M","-2.24%"
"04/06/2022","35,251.1","34,974.5","35,962.5","34,974.5","7.09M","0.00%"
"04/05/2022","35,251.1","34,697.8","35,804.4","34,697.8","7.65M","1.94%"
"04/04/2022","34,579.3","34,658.3","35,172.1","34,381.7","3.94M","1.16%"
"04/01/2022","34,184.1","33,828.4","34,460.7","33,512.3","3.14M","0.58%"
"03/31/2022","33,986.5","34,223.6","34,539.8","33,986.5","2.48M","-0.12%"
"03/30/2022","34,026.0","34,026.0","34,855.9","33,947.0","5.75M","-1.26%"
"03/29/2022","34,460.7","34,618.8","34,895.4","34,381.7","3.62M","0.46%"
"03/28/2022","34,302.6","34,935.0","35,290.6","33,986.5","6.77M","-3.13%"
"03/25/2022","35,409.2","35,369.7","36,120.5","35,211.6","5.22M","0.34%"
"03/24/2022","35,290.6","35,093.0","35,883.4","35,053.5","4.68M","0.00%"
"03/23/2022","35,290.6","35,962.5","36,278.6","35,290.6","4.60M","-1.22%"
"03/22/2022","35,725.3","35,251.1","36,515.7","35,093.0","13.21M","2.26%"
"03/21/2022","34,935.0","34,776.9","35,211.6","34,697.8","5.63M","0.45%"
"03/18/2022","34,776.9","34,776.9","35,251.1","34,460.7","6.18M","-0.11%"
"03/17/2022","34,816.4","34,460.7","35,251.1","34,460.7","4.70M","1.03%"
"03/16/2022","34,460.7","34,776.9","34,776.9","34,460.7","2.87M","0.35%"
"03/15/2022","34,342.2","33,986.5","34,974.5","33,433.2","6.01M","2.96%"
"03/14/2022","33,354.2","34,223.6","34,223.6","33,196.1","4.24M","-2.09%"
"03/11/2022","34,065.5","33,907.5","34,974.5","33,907.5","4.98M","-0.35%"
"03/10/2022","34,184.1","34,776.9","34,776.9","34,144.6","2.95M","0.23%"
"03/09/2022","34,105.1","34,579.3","34,855.9","33,828.4","5.04M","-1.26%"
"03/08/2022","34,539.8","35,093.0","35,488.2","34,460.7","5.86M","-3.10%"
"03/07/2022","35,646.3","34,776.9","35,962.5","34,776.9","8.65M","2.50%"
"03/04/2022","34,776.9","34,776.9","35,093.0","34,579.3","5.71M","0.92%"
"03/03/2022","34,460.7","34,302.6","34,539.8","33,749.4","5.58M","0.81%"
"03/02/2022","34,184.1","35,014.0","35,014.0","34,144.6","5.03M","-2.59%"
"03/01/2022","35,093.0","34,460.7","35,409.2","34,263.1","6.29M","2.78%"
"02/28/2022","34,144.6","33,986.5","34,855.9","33,749.4","4.80M","0.93%"
"02/25/2022","33,828.4","34,144.6","34,381.7","33,749.4","5.08M","0.23%"
"02/24/2022","33,749.4","34,855.9","34,935.0","32,800.9","11.28M","-3.72%"
"02/23/2022","35,053.5","35,172.1","35,488.2","34,935.0","4.41M","0.11%"
"02/22/2022","35,014.0","35,527.7","35,883.4","34,658.3","7.86M","-2.96%"
"02/21/2022","36,081.0","35,567.3","36,555.2","35,409.2","5.56M","1.44%"
"02/18/2022","35,567.3","34,895.4","35,804.4","34,895.4","4.71M","0.67%"
"02/17/2022","35,330.1","35,804.4","35,804.4","35,172.1","3.51M","-0.67%"
"02/16/2022","35,567.3","34,618.8","35,962.5","34,618.8","7.54M","3.57%"
"02/15/2022","34,342.2","33,986.5","34,460.7","33,749.4","3.79M","1.76%"
"02/14/2022","33,749.4","33,630.8","34,342.2","33,275.2","5.74M","-1.95%"
"02/11/2022","34,421.2","34,184.1","35,014.0","34,184.1","2.82M","-0.23%"
"02/10/2022","34,500.2","34,776.9","35,172.1","34,302.6","3.82M","-0.11%"
"02/09/2022","34,539.8","33,275.2","35,093.0","32,959.0","7.36M","3.80%"
"02/08/2022","33,275.2","33,907.5","33,947.0","33,117.1","4.66M","-1.86%"
"02/07/2022","33,907.5","33,828.4","34,302.6","33,433.2","2.80M","2.63%"
"01/28/2022","33,038.0","33,038.0","33,551.8","32,010.5","4.57M","0.72%"
"01/27/2022","32,800.9","33,907.5","33,986.5","31,694.4","11.87M","-3.71%"
"01/26/2022","34,065.5","36,594.8","37,108.5","34,065.5","10.48M","-6.91%"
"01/25/2022","36,594.8","34,776.9","36,673.8","34,381.7","7.27M","2.55%"
"01/24/2022","35,685.8","38,096.5","38,096.5","35,685.8","9.80M","-6.91%"
"01/21/2022","38,333.6","38,886.9","39,598.2","38,096.5","6.91M","-1.42%"
"01/20/2022","38,886.9","38,017.5","39,440.1","37,701.3","6.87M","2.82%"
"01/19/2022","37,819.9","37,543.2","38,215.0","36,910.9","5.22M","2.46%"
"01/18/2022","36,910.9","36,357.6","38,333.6","36,278.6","10.94M","-1.16%"
"01/17/2022","37,345.6","40,309.6","40,862.8","37,345.6","13.14M","-6.99%"
"01/14/2022","40,151.5","37,701.3","40,467.6","37,701.3","8.22M","4.10%"
"01/13/2022","38,570.7","41,495.1","41,890.3","38,570.7","16.33M","-6.69%"
"01/12/2022","41,337.1","41,890.3","43,392.1","39,400.6","19.77M","-2.43%"
"01/11/2022","42,364.6","41,890.3","43,945.3","41,179.0","15.41M","3.08%"
"01/10/2022","41,099.9","44,261.5","45,526.1","41,099.9","21.54M","-6.98%"
"01/07/2022","44,182.4","44,103.4","45,447.1","43,708.2","10.88M","0.36%"
"01/06/2022","44,024.4","43,866.3","45,051.9","43,629.2","11.33M","-0.54%"
"01/05/2022","44,261.5","42,838.8","45,289.0","42,680.7","18.31M","4.48%"
"01/04/2022","42,364.6","41,495.1","42,680.7","41,337.1","9.20M","3.68%"
"12/31/2021","40,862.8","41,258.0","41,811.3","40,783.8","8.68M","-0.58%"
"12/30/2021","41,099.9","41,890.3","42,048.4","41,099.9","10.28M","-2.07%"
"12/29/2021","41,969.4","42,364.6","42,838.8","41,890.3","8.55M","-0.75%"
"12/28/2021","42,285.5","43,075.9","43,866.3","41,732.3","12.42M","-0.93%"
"12/27/2021","42,680.7","41,890.3","42,996.9","40,704.8","12.27M","1.12%"
"12/24/2021","42,206.5","43,234.0","44,340.5","41,574.2","11.15M","-0.74%"
"12/23/2021","42,522.6","40,072.4","42,522.6","39,519.2","21.41M","6.96%"
"12/22/2021","39,756.3","39,440.1","41,258.0","38,965.9","27.53M","1.11%"
"12/21/2021","39,321.6","38,965.9","40,230.5","38,807.8","13.61M","0.30%"
"12/20/2021","39,203.0","39,203.0","41,099.9","38,807.8","22.56M","1.64%"
"12/17/2021","38,570.7","36,357.6","38,570.7","36,357.6","29.55M","6.90%"
"12/16/2021","36,081.0","35,409.2","36,673.8","35,369.7","10.72M","1.90%"
"12/15/2021","35,409.2","36,120.5","36,199.6","35,251.1","11.42M","-2.18%"
"12/14/2021","36,199.6","37,069.0","37,306.1","36,081.0","10.43M","-1.29%"
"12/13/2021","36,673.8","36,357.6","37,227.1","36,357.6","11.11M","1.64%"
"12/10/2021","36,081.0","35,172.1","36,713.3","35,172.1","9.71M","2.93%"
"12/09/2021","35,053.5","35,567.3","35,804.4","34,816.4","7.92M","-0.56%"
"12/08/2021","35,251.1","35,725.3","36,831.9","35,053.5","5.72M","-1.00%"
"12/07/2021","35,606.8","35,725.3","35,883.4","34,223.6","5.48M","1.24%"
"12/06/2021","35,172.1","36,910.9","37,069.0","34,579.3","10.32M","-5.32%"
"12/03/2021","37,148.0","39,479.7","39,835.3","37,148.0","11.59M","-6.19%"
"12/02/2021","39,598.2","40,309.6","40,388.6","39,440.1","7.24M","-1.76%"
"12/01/2021","40,309.6","39,993.4","41,890.3","39,835.3","7.70M","0.99%"
"11/30/2021","39,914.4","37,938.4","40,151.5","37,938.4","16.84M","6.32%"
"11/29/2021","37,543.2","36,199.6","38,175.5","36,199.6","5.95M","1.93%"
"11/26/2021","36,831.9","36,990.0","37,424.7","36,041.5","3.04M","-0.43%"
"11/25/2021","36,990.0","36,041.5","37,464.2","35,962.5","5.22M","2.63%"
"11/24/2021","36,041.5","36,713.3","36,990.0","36,041.5","2.71M","-1.51%"
"11/23/2021","36,594.8","36,278.6","36,752.8","35,962.5","3.50M","0.00%"
"11/22/2021","36,594.8","38,373.1","38,373.1","35,962.5","3.47M","-4.54%"
"11/19/2021","38,333.6","39,045.0","39,282.1","36,239.1","4.55M","-1.52%"
"11/18/2021","38,926.4","37,780.3","39,993.4","37,740.8","6.57M","3.36%"
"11/17/2021","37,661.8","37,938.4","38,254.6","37,385.1","2.66M","-0.73%"
"11/16/2021","37,938.4","36,199.6","38,728.8","35,567.3","6.97M","4.80%"
"11/15/2021","36,199.6","36,041.5","36,673.8","35,883.4","3.51M","1.33%"
"11/12/2021","35,725.3","34,974.5","36,041.5","34,974.5","3.82M","2.26%"
"11/11/2021","34,935.0","33,867.9","35,646.3","33,828.4","2.40M","3.39%"
"11/10/2021","33,788.9","33,591.3","34,144.6","33,393.7","982.88K","0.35%"
"11/09/2021","33,670.3","33,828.4","33,907.5","33,354.2","572.33K","-0.23%"
"11/08/2021","33,749.4","33,156.6","33,986.5","32,880.0","1.24M","1.67%"
"11/05/2021","33,196.1","33,196.1","33,670.3","32,405.7","892.98K","-1.18%"
"11/04/2021","33,591.3","32,998.5","33,907.5","32,998.5","606.81K","-0.93%"
"11/03/2021","33,907.5","34,618.8","34,618.8","33,512.3","650.25K","-1.94%"
"11/02/2021","34,579.3","32,800.9","34,697.8","32,800.9","2.32M","5.17%"
"11/01/2021","32,880.0","32,840.4","33,117.1","32,721.9","476.01K","0.00%"
"10/29/2021","32,880.0","32,959.0","33,038.0","32,563.8","584.31K","0.24%"
"10/28/2021","32,800.9","31,615.3","33,354.2","31,220.2","788.07K","3.49%"
"10/27/2021","31,694.4","31,773.4","31,773.4","31,062.1","361.79K","0.25%"
"10/26/2021","31,615.3","31,733.9","31,852.5","31,536.3","452.06K","-0.25%"
"10/25/2021","31,694.4","31,575.8","31,931.5","31,536.3","487.15K","1.26%"
"10/22/2021","31,299.2","31,062.1","31,615.3","31,062.1","439.47K","-1.00%"
"10/21/2021","31,615.3","31,615.3","31,852.5","31,575.8","414.30K","0.00%"
"10/20/2021","31,615.3","31,536.3","31,852.5","31,378.2","383.81K","0.00%"
"10/19/2021","31,615.3","31,773.4","31,852.5","31,575.8","442.86K","-0.50%"
"10/18/2021","31,773.4","31,852.5","32,089.6","31,615.3","415.88K","0.00%"
"10/15/2021","31,773.4","32,010.5","32,010.5","31,615.3","397.61K","-0.25%"
"10/14/2021","31,852.5","31,852.5","32,089.6","31,615.3","500.70K","0.00%"
"10/13/2021","31,852.5","32,010.5","32,010.5","31,773.4","432.94K","0.50%"
"10/12/2021","31,694.4","32,089.6","32,089.6","31,536.3","516.19K","-1.23%"
"10/11/2021","32,089.6","32,050.1","32,247.7","31,971.0","461.37K","-0.25%"
"10/08/2021","32,168.6","32,326.7","32,326.7","32,010.5","451.33K","0.25%"
"10/07/2021","32,089.6","32,010.5","32,405.7","31,931.5","422.89K","0.50%"
"10/06/2021","31,931.5","32,089.6","32,089.6","31,812.9","485.81K","-0.25%"
"10/05/2021","32,010.5","32,010.5","32,247.7","31,773.4","518.97K","0.00%"
"10/04/2021","32,010.5","31,615.3","32,010.5","31,615.3","433.66K","0.00%"
"10/01/2021","32,010.5","32,247.7","32,247.7","31,852.5","501.79K","-0.25%"
"09/30/2021","32,089.6","32,168.6","32,247.7","31,931.5","545.95K","0.50%"
"09/29/2021","31,931.5","32,089.6","32,247.7","31,773.4","437.54K","-0.49%"
"09/28/2021","32,089.6","32,089.6","32,405.7","31,773.4","500.09K","0.00%"
"09/27/2021","32,089.6","32,405.7","32,721.9","31,971.0","428.10K","-1.93%"
"09/24/2021","32,721.9","33,038.0","33,038.0","32,366.2","445.76K","-0.48%"
"09/23/2021","32,880.0","32,721.9","33,038.0","32,721.9","542.08K","-0.24%"
"09/22/2021","32,959.0","32,880.0","33,117.1","32,642.8","602.82K","0.97%"
"09/21/2021","32,642.8","32,761.4","32,761.4","32,405.7","611.65K","0.22%"
"09/20/2021","32,570.5","32,301.7","33,031.4","32,109.6","614.56K","0.83%"
"09/17/2021","32,301.7","32,647.3","32,647.3","32,109.6","547.40K","-0.12%"
"09/16/2021","32,340.1","32,416.9","32,493.7","31,994.4","624.00K","0.72%"
"09/15/2021","32,109.6","31,725.5","32,493.7","31,725.5","509.41K","-1.42%"
"09/14/2021","32,570.5","32,993.0","32,993.0","31,648.7","526.71K","-0.24%"
"09/13/2021","32,647.3","32,954.6","33,261.9","32,647.3","579.59K","-0.70%"
"09/10/2021","32,877.8","33,031.4","33,415.5","32,877.8","495.49K","0.00%"
"09/09/2021","32,877.8","33,031.4","33,108.2","32,724.1","620.97K","-0.70%"
"09/08/2021","33,108.2","33,108.2","33,415.5","32,916.2","454.84K","0.00%"
"09/07/2021","33,108.2","32,877.8","33,185.1","32,877.8","725.52K","0.23%"
"09/06/2021","33,031.4","32,801.0","33,261.9","32,647.3","633.31K","0.23%"
"09/01/2021","32,954.6","33,338.7","33,569.1","32,724.1","521.75K","-1.15%"
"08/31/2021","33,338.7","32,724.1","33,415.5","32,340.1","855.59K","1.88%"
"08/30/2021","32,724.1","33,031.4","33,185.1","32,570.5","547.40K","0.47%"
"08/27/2021","32,570.5","32,032.8","32,916.2","32,032.8","461.74K","-1.05%"
"08/26/2021","32,916.2","31,648.7","33,492.3","31,648.7","661.87K","3.25%"
"08/25/2021","31,879.2","31,879.2","31,956.0","31,341.4","503.84K","0.00%"
"08/24/2021","31,879.2","31,725.5","31,956.0","31,264.6","396.15K","0.48%"
"08/23/2021","31,725.5","31,725.5","32,032.8","31,418.3","643.48K","-1.43%"
"08/20/2021","32,186.4","32,954.6","33,415.5","31,879.2","558.66K","-2.33%"
"08/19/2021","32,954.6","32,570.5","33,415.5","32,570.5","774.64K","0.94%"
"08/18/2021","32,647.3","32,877.8","33,415.5","32,647.3","674.33K","-1.28%"
"08/17/2021","33,069.8","33,415.5","33,722.8","33,031.4","559.62K","-1.15%"
"08/16/2021","33,453.9","34,414.1","34,414.1","33,453.9","612.02K","-2.79%"
"08/13/2021","34,414.1","34,414.1","34,644.6","32,224.8","709.18K","-0.67%"
"08/12/2021","34,644.6","34,260.5","34,759.8","34,260.5","817.84K","0.45%"
"08/11/2021","34,490.9","34,721.4","34,951.8","34,183.7","777.79K","0.22%"
"08/10/2021","34,414.1","32,570.5","34,759.8","32,493.7","1.21M","5.91%"
"08/09/2021","32,493.7","32,493.7","32,801.0","32,493.7","615.77K","-0.70%"
"08/06/2021","32,724.1","32,647.3","32,801.0","32,570.5","609.36K","0.47%"
"08/05/2021","32,570.5","32,954.6","32,954.6","32,493.7","483.52K","-0.47%"
"08/04/2021","32,724.1","32,724.1","33,031.4","32,493.7","620.12K","0.00%"
"08/03/2021","32,724.1","33,569.1","33,569.1","32,647.3","558.66K","-1.16%"
"08/02/2021","33,108.2","33,415.5","33,953.2","33,108.2","515.22K","-2.27%"
"07/30/2021","33,876.4","33,953.2","33,953.2","33,646.0","661.39K","0.68%"
"07/29/2021","33,646.0","33,185.1","33,722.8","33,031.4","549.94K","0.69%"
"07/28/2021","33,415.5","34,337.3","34,337.3","33,415.5","471.42K","-2.79%"
"07/27/2021","34,375.7","34,337.3","34,414.1","33,569.1","615.53K","0.11%"
"07/26/2021","34,337.3","34,414.1","34,414.1","34,183.7","468.63K","-0.22%"
"07/23/2021","34,414.1","34,875.0","34,951.8","34,183.7","491.26K","-0.44%"
"07/22/2021","34,567.8","34,337.3","34,567.8","33,799.6","682.68K","0.90%"
"07/21/2021","34,260.5","33,953.2","34,567.8","33,953.2","547.77K","0.91%"
"07/20/2021","33,953.2","33,684.4","33,953.2","32,877.8","429.19K","0.68%"
"07/19/2021","33,722.8","33,646.0","33,722.8","32,493.7","616.37K","0.00%"
"07/16/2021","33,722.8","34,414.1","34,414.1","33,722.8","491.99K","-2.01%"
"07/15/2021","34,414.1","34,798.2","34,798.2","33,492.3","527.44K","0.22%"
"07/14/2021","34,337.3","32,954.6","34,337.3","32,647.3","1.07M","6.18%"
"07/13/2021","32,340.1","33,415.5","33,415.5","32,340.1","420.47K","-2.09%"
"07/12/2021","33,031.4","32,263.2","33,185.1","31,879.2","347.75K","0.00%"
"07/09/2021","33,031.4","34,490.9","34,490.9","33,031.4","359.01K","-4.23%"
"07/08/2021","34,490.9","33,953.2","34,490.9","32,724.1","472.14K","1.58%"
"07/07/2021","33,953.2","34,260.5","34,298.9","32,340.1","361.79K","-1.01%"
"07/06/2021","34,298.9","36,104.1","36,104.1","34,298.9","273.70K","-6.98%"
"07/05/2021","36,872.3","37,025.9","37,025.9","35,335.9","814.57K","5.48%"
"07/02/2021","34,955.4","34,955.4","35,307.7","34,884.9","404.64K","-0.80%"
"07/01/2021","35,237.3","35,096.3","35,237.3","34,884.9","412.55K","0.40%"
"06/30/2021","35,096.3","34,180.1","35,448.7","34,180.1","233.31K","1.63%"
"06/29/2021","34,532.5","34,955.4","34,955.4","34,532.5","290.95K","-1.31%"
"06/28/2021","34,990.6","35,025.8","35,025.8","34,391.6","466.76K","0.51%"
"06/25/2021","34,814.4","35,166.8","35,166.8","34,250.6","356.10K","0.20%"
"06/24/2021","34,743.9","34,532.5","34,814.4","34,250.6","390.26K","0.61%"
"06/23/2021","34,532.5","35,660.1","35,660.1","34,532.5","398.84K","-3.16%"
"06/22/2021","35,660.1","35,237.3","35,942.0","35,237.3","766.02K","4.33%"
"06/21/2021","34,180.1","34,990.6","34,990.6","34,180.1","397.12K","-2.32%"
"06/18/2021","34,990.6","35,166.8","35,166.8","34,990.6","418.49K","-0.10%"
"06/17/2021","35,025.8","33,968.7","35,237.3","33,968.7","560.00K","1.02%"
"06/16/2021","34,673.5","33,052.6","35,237.3","31,713.5","809.28K","5.13%"
"06/15/2021","32,982.1","32,629.7","33,264.0","32,629.7","370.61K","1.08%"
"06/14/2021","32,629.7","32,418.3","32,770.7","32,277.3","273.14K","1.31%"
"06/11/2021","32,206.9","32,559.2","32,559.2","31,713.5","343.71K","-0.65%"
"06/10/2021","32,418.3","32,629.7","32,629.7","32,418.3","345.95K","0.00%"
"06/09/2021","32,418.3","32,418.3","32,700.2","31,079.3","361.64K","-0.22%"
"06/08/2021","32,488.8","32,700.2","32,911.6","32,418.3","356.23K","-0.65%"
"06/07/2021","32,700.2","32,982.1","32,982.1","32,700.2","364.41K","-0.64%"
"06/04/2021","32,911.6","32,524.0","33,123.0","32,065.9","428.51K","0.00%"
"06/03/2021","32,911.6","32,418.3","32,982.1","32,418.3","415.59K","0.65%"
"06/02/2021","32,700.2","32,488.8","32,911.6","32,418.3","568.45K","0.00%"
"06/01/2021","32,700.2","33,334.4","33,334.4","32,065.9","114.22K","-1.90%"
"05/31/2021","33,334.4","33,757.3","33,757.3","33,123.0","307.57K","-1.25%"
"05/28/2021","33,757.3","33,827.8","33,827.8","33,404.9","401.87K","-0.21%"
"05/27/2021","33,827.8","32,418.3","33,827.8","32,347.8","545.23K","4.35%"
"05/26/2021","32,418.3","32,629.7","32,629.7","32,347.8","347.27K","-0.65%"
"05/25/2021","32,629.7","32,453.5","32,664.9","32,418.3","353.33K","0.22%"
"05/24/2021","32,559.2","32,453.5","32,559.2","32,453.5","299.13K","0.33%"
"05/21/2021","32,453.5","32,453.5","32,700.2","32,453.5","330.38K","-0.65%"
"05/20/2021","32,664.9","32,841.1","32,841.1","32,418.3","292.14K","-0.54%"
"05/19/2021","32,841.1","32,488.8","32,911.6","32,453.5","405.03K","0.21%"
"05/18/2021","32,770.7","32,418.3","32,770.7","32,418.3","332.89K","1.86%"
"05/17/2021","32,171.6","32,700.2","32,841.1","32,171.6","312.71K","-1.62%"
"05/14/2021","32,700.2","32,559.2","33,052.6","32,383.0","346.21K","0.43%"
"05/13/2021","32,559.2","32,524.0","32,559.2","32,065.9","335.79K","0.11%"
"05/12/2021","32,524.0","32,136.4","32,770.7","32,136.4","297.68K","0.00%"
"05/11/2021","32,524.0","33,404.9","33,404.9","32,524.0","323.79K","-1.81%"
"05/10/2021","33,123.0","32,770.7","33,123.0","31,784.0","286.33K","1.08%"
"05/07/2021","32,770.7","32,488.8","33,052.6","32,488.8","280.27K","-1.06%"
"05/06/2021","33,123.0","33,123.0","33,475.4","32,559.2","311.26K","0.00%"
"05/05/2021","33,123.0","33,123.0","33,475.4","33,052.6","147.32K","0.00%"
"05/04/2021","33,123.0","33,757.3","33,757.3","32,911.6","240.96K","-1.88%"
"04/29/2021","33,757.3","33,757.3","33,757.3","33,475.4","367.71K","0.00%"
"04/28/2021","33,757.3","33,827.8","33,827.8","33,475.4","290.95K","-0.21%"
"04/27/2021","33,827.8","33,827.8","33,827.8","33,334.4","455.28K","0.00%"
"04/26/2021","33,827.8","34,180.1","34,180.1","32,982.1","433.26K","0.42%"
"04/23/2021","33,686.8","33,686.8","33,757.3","33,123.0","417.56K","0.00%"
"04/22/2021","33,686.8","33,757.3","33,827.8","32,559.2","332.10K","-0.21%"
"04/20/2021","33,757.3","33,193.5","33,827.8","33,193.5","481.00K","1.70%"
"04/19/2021","33,193.5","32,700.2","33,193.5","31,713.5","273.41K","1.29%"
"04/16/2021","32,770.7","32,770.7","33,404.9","30,973.6","241.49K","0.00%"
"04/15/2021","32,770.7","33,686.8","33,686.8","32,770.7","365.20K","0.00%"
"04/14/2021","32,770.7","33,123.0","33,898.2","32,418.3","551.30K","-2.11%"
"04/13/2021","33,475.4","34,462.0","34,462.0","33,475.4","456.47K","-2.86%"
"04/12/2021","34,462.0","34,743.9","34,743.9","34,462.0","535.61K","-0.61%"
"04/09/2021","34,673.5","34,673.5","34,814.4","34,532.5","680.02K","0.20%"
"04/08/2021","34,603.0","34,532.5","34,603.0","34,462.0","531.38K","1.03%"
"04/07/2021","34,250.6","33,757.3","34,532.5","33,686.8","1.14M","1.46%"
"04/06/2021","33,757.3","33,686.8","33,827.8","33,475.4","1.01M","0.42%"
"04/05/2021","33,616.3","35,589.6","35,589.6","33,193.5","618.30K","0.63%"
"04/02/2021","33,404.9","33,087.8","33,404.9","33,052.6","423.37K","1.07%"
"04/01/2021","33,052.6","31,643.1","33,052.6","31,643.1","619.62K","4.45%"
"03/31/2021","31,643.1","31,396.4","31,713.5","31,396.4","292.40K","0.79%"
"03/30/2021","31,396.4","31,713.5","31,713.5","31,290.7","366.39K","0.11%"
"03/29/2021","31,361.2","30,515.5","31,361.2","30,515.5","291.35K","2.77%"
"03/26/2021","30,515.5","30,585.9","31,149.7","30,515.5","169.61K","-0.46%"
"03/25/2021","30,656.4","31,960.2","31,960.2","30,656.4","277.50K","0.46%"
"03/24/2021","30,515.5","32,347.8","32,347.8","30,515.5","1.16M","0.70%"
"03/23/2021","30,304.0","31,854.5","32,418.3","30,304.0","428.38K","-4.66%"
"03/22/2021","31,784.0","31,854.5","32,488.8","31,784.0","79.40K","0.22%"
"03/19/2021","31,713.5","32,418.3","32,418.3","31,713.5","195.33K","2.27%"
"03/18/2021","31,008.8","32,488.8","32,629.7","30,938.3","424.42K","-4.97%"
"03/17/2021","32,629.7","32,982.1","32,982.1","32,629.7","327.75K","-1.07%"
"03/16/2021","32,982.1","33,264.0","33,264.0","32,911.6","148.51K","-0.85%"
"03/15/2021","33,264.0","33,193.5","33,334.4","32,982.1","304.67K","0.43%"
"03/12/2021","33,123.0","32,946.8","33,158.3","32,911.6","454.10K","0.21%"
"03/11/2021","33,052.6","33,123.0","33,475.4","33,052.6","293.59K","-0.21%"
"03/10/2021","33,123.0","33,123.0","33,334.4","33,052.6","346.48K","0.00%"
"03/09/2021","33,123.0","33,404.9","33,404.9","32,841.1","324.45K","-0.84%"
"03/08/2021","33,404.9","32,911.6","33,404.9","32,911.6","419.81K","0.21%"
"03/05/2021","33,334.4","32,770.7","33,440.2","32,770.7","240.96K","-0.42%"
"03/04/2021","33,475.4","33,827.8","33,827.8","33,123.0","206.41K","-0.63%"
"03/03/2021","33,686.8","33,827.8","33,898.2","33,475.4","355.18K","-0.62%"
"03/02/2021","33,898.2","33,616.3","33,898.2","33,510.6","232.52K","0.00%"
"03/01/2021","33,898.2","33,827.8","34,039.2","33,616.3","445.66K","0.21%"
"02/26/2021","33,827.8","33,123.0","33,827.8","33,123.0","290.55K","0.00%"
"02/25/2021","33,827.8","34,039.2","34,039.2","33,686.8","253.62K","-0.62%"
"02/24/2021","34,039.2","34,532.5","34,743.9","33,968.7","448.03K","-2.23%"
"02/23/2021","34,814.4","35,025.8","35,025.8","34,250.6","236.87K","-0.60%"
"02/22/2021","35,025.8","34,532.5","35,025.8","34,180.1","289.63K","0.00%"
"02/19/2021","35,025.8","35,025.8","35,096.3","34,814.4","357.42K","0.00%"
"02/18/2021","35,025.8","34,814.4","35,096.3","34,673.5","310.07K","0.61%"
"02/17/2021","34,814.4","33,968.7","35,237.3","33,968.7","494.06K","2.49%"
"02/09/2021","33,968.7","32,770.7","35,237.3","32,559.2","164.86K","2.55%"
"02/08/2021","33,123.0","33,123.0","33,123.0","32,770.7","307.70K","0.00%"
"02/05/2021","33,123.0","33,123.0","33,404.9","32,911.6","671.06K","-0.84%"
"02/04/2021","33,404.9","33,545.9","33,545.9","32,418.3","112.90K","-0.42%"
"02/03/2021","33,545.9","33,123.0","33,545.9","33,123.0","225.40K","0.32%"
"02/02/2021","33,440.2","33,264.0","33,475.4","32,488.8","302.16K","0.53%"
"02/01/2021","33,264.0","33,264.0","33,264.0","32,418.3","1.14M","0.21%"
"01/29/2021","33,193.5","31,396.4","33,193.5","31,396.4","355.84K","5.72%"
"01/28/2021","31,396.4","32,418.3","33,475.4","31,396.4","1.18M","-6.90%"
"01/27/2021","33,722.1","33,193.5","33,757.3","32,770.7","1.07M","-0.10%"
"01/26/2021","33,757.3","33,686.8","33,757.3","33,123.0","957.26K","0.10%"
"01/25/2021","33,722.1","33,686.8","33,722.1","33,264.0","1.59M","0.10%"
"01/22/2021","33,686.8","33,193.5","34,250.6","33,052.6","1.10M","1.70%"
"01/21/2021","33,123.0","32,770.7","33,123.0","32,418.3","1.09M","0.21%"
"01/20/2021","33,052.6","32,911.6","33,052.6","31,854.5","1.08M","0.21%"
"01/19/2021","32,982.1","33,087.8","33,087.8","30,797.4","805.19K","-0.32%"
"01/18/2021","33,087.8","32,982.1","33,123.0","32,418.3","1.58M","0.11%"
"01/15/2021","33,052.6","32,700.2","33,123.0","32,700.2","1.06M","0.00%"
"01/14/2021","33,052.6","32,911.6","33,123.0","32,418.3","823.13K","0.00%"
"01/13/2021","33,052.6","33,123.0","33,193.5","32,770.7","1.08M","-0.11%"
"01/12/2021","33,087.8","33,264.0","33,264.0","32,559.2","766.94K","-0.53%"
"01/11/2021","33,264.0","33,123.0","33,475.4","33,052.6","1.19M","0.73%"
"01/08/2021","33,022.6","32,644.6","33,228.8","32,644.6","1.32M","1.48%"
"01/07/2021","32,541.5","32,541.5","32,575.9","32,094.8","545.50K","0.00%"
"01/06/2021","32,541.5","32,541.5","32,644.6","31,613.7","1.73M","0.00%"
"01/05/2021","32,541.5","32,163.5","32,713.3","32,094.8","867.31K","0.74%"
"01/04/2021","32,301.0","32,163.5","32,301.0","31,888.6","1.45M","1.95%"
"12/31/2020","31,682.4","31,304.5","31,957.3","31,063.9","1.79M","1.54%"
"12/30/2020","31,201.4","31,407.5","31,407.5","31,063.9","1.12M","0.67%"
"12/29/2020","30,995.2","30,857.7","31,063.9","30,376.7","1.34M","2.27%"
"12/21/2020","30,307.9","30,239.2","31,270.1","30,101.8","1.15M","0.68%"
"12/18/2020","30,101.8","30,239.2","30,445.4","29,895.6","1.79M","0.69%"
"12/17/2020","29,895.6","29,345.8","30,239.2","29,208.3","601.21K","1.87%"
"12/16/2020","29,345.8","28,521.1","30,101.8","28,521.1","900.62K","2.89%"
"12/15/2020","28,521.1","28,521.1","28,658.5","28,383.6","177.11K","-0.24%"
"12/14/2020","28,589.8","27,833.8","28,727.3","26,734.2","561.25K","2.72%"
"12/11/2020","27,833.8","27,833.8","28,108.7","27,696.4","158.58K","0.00%"
"12/10/2020","27,833.8","28,383.6","28,452.3","27,833.8","104.95K","-1.94%"
"12/09/2020","28,383.6","27,971.3","28,864.7","27,902.5","497.24K","1.72%"
"12/08/2020","27,902.5","27,696.4","27,971.3","27,490.2","632.15K","0.25%"
"12/07/2020","27,833.8","28,521.1","28,521.1","27,833.8","393.15K","-2.41%"
"12/04/2020","28,521.1","28,796.0","28,864.7","28,452.3","190.70K","-0.48%"
"12/03/2020","28,658.5","28,864.7","28,864.7","28,589.8","114.67K","-0.48%"
"12/02/2020","28,796.0","28,796.0","28,864.7","28,521.1","3.11M","0.48%"
"12/01/2020","28,658.5","28,658.5","28,864.7","28,246.2","4.76M","0.00%"
"11/30/2020","28,658.5","29,277.1","29,277.1","28,658.5","3.39M","-1.19%"
"11/27/2020","29,002.2","29,208.3","29,208.3","28,864.7","2.57M","-0.71%"
"11/26/2020","29,208.3","29,139.6","29,208.3","28,658.5","2.86M","0.24%"
"11/25/2020","29,139.6","28,933.4","29,277.1","28,658.5","1.99M","0.71%"
"11/24/2020","28,933.4","29,483.2","29,552.0","28,658.5","2.92M","-1.64%"
"11/23/2020","29,414.5","28,521.1","29,552.0","28,521.1","2.64M","3.88%"
"11/20/2020","28,314.9","28,246.2","28,521.1","28,246.2","5.39M","0.24%"
"11/19/2020","28,246.2","28,246.2","28,589.8","28,177.4","4.54M","-0.48%"
"11/18/2020","28,383.6","28,589.8","28,727.3","28,383.6","2.67M","-0.72%"
"11/17/2020","28,589.8","28,452.3","28,796.0","28,383.6","2.32M","-0.24%"
"11/16/2020","28,658.5","28,727.3","28,864.7","28,177.4","189.51K","0.00%"
"11/13/2020","28,658.5","28,383.6","28,864.7","28,246.2","321.69K","0.97%"
"11/12/2020","28,383.6","28,177.4","28,452.3","27,833.8","72.74K","0.73%"
"11/11/2020","28,177.4","28,108.7","28,246.2","27,765.1","102.57K","0.24%"
"11/10/2020","28,108.7","28,658.5","29,208.3","28,108.7","216.54K","-1.92%"
"11/09/2020","28,658.5","28,796.0","28,864.7","28,521.1","145.20K","0.24%"
"11/06/2020","28,589.8","28,796.0","28,864.7","28,452.3","111.62K","1.22%"
"11/05/2020","28,246.2","28,521.1","29,139.6","27,490.2","257.56K","-0.24%"
"11/04/2020","28,314.9","28,521.1","28,796.0","28,314.9","166.38K","-0.48%"
"11/03/2020","28,452.3","28,177.4","28,796.0","28,108.7","140.73K","1.22%"
"11/02/2020","28,108.7","27,490.2","28,177.4","27,352.7","201.88K","2.25%"
"10/30/2020","27,490.2","27,696.4","27,696.4","27,284.0","171.76K","-0.50%"
"10/29/2020","27,627.6","28,177.4","28,314.9","27,421.5","211.63K","-1.95%"
"10/28/2020","28,177.4","27,765.1","28,177.4","26,940.4","719.05K","-0.24%"
"10/27/2020","28,246.2","28,177.4","29,139.6","28,177.4","631.05K","-1.67%"
"10/26/2020","28,727.3","29,964.3","29,964.3","28,177.4","1.24M","-4.13%"
"10/23/2020","29,964.3","30,789.0","31,476.3","29,964.3","609.74K","-0.68%"
"10/22/2020","30,170.5","29,552.0","30,239.2","29,345.8","649.70K","3.05%"
"10/21/2020","29,277.1","29,139.6","29,895.6","29,070.9","449.61K","0.47%"
"10/20/2020","29,139.6","29,414.5","29,758.1","28,933.4","423.65K","-0.70%"
"10/19/2020","29,345.8","29,895.6","29,964.3","29,345.8","448.81K","-1.16%"
"10/16/2020","29,689.4","29,208.3","29,964.3","29,208.3","562.53K","1.65%"
"10/15/2020","29,208.3","28,383.6","30,239.2","28,383.6","1.42M","2.91%"
"10/14/2020","28,383.6","28,521.1","28,521.1","28,314.9","332.22K","0.73%"
"10/13/2020","28,177.4","27,696.4","28,177.4","27,696.4","159.53K","1.23%"
"10/12/2020","27,833.8","27,971.3","28,521.1","27,833.8","276.21K","0.00%"
"10/09/2020","27,833.8","27,833.8","27,902.5","27,490.2","186.61K","0.50%"
"10/08/2020","27,696.4","27,284.0","27,696.4","27,215.3","372.81K","1.00%"
"10/07/2020","27,421.5","27,421.5","27,421.5","27,077.8","594.62K","-0.25%"
"10/06/2020","27,490.2","27,490.2","27,833.8","27,352.7","408.53K","-0.50%"
"10/05/2020","27,627.6","27,627.6","27,971.3","27,352.7","317.42K","0.50%"
"10/02/2020","27,490.2","27,490.2","28,040.0","27,077.8","876.93K","0.25%"
"10/01/2020","27,421.5","27,558.9","27,765.1","27,146.6","647.28K","-0.50%"
"09/30/2020","27,558.9","27,490.2","27,833.8","27,215.3","546.59K","0.50%"
"09/29/2020","27,421.5","26,940.4","27,558.9","26,940.4","681.43K","2.31%"
"09/28/2020","26,802.9","26,871.7","28,108.7","25,428.4","1.22M","0.00%"
"09/25/2020","26,802.9","26,184.4","27,490.2","25,978.2","1.11M","2.36%"
"09/24/2020","26,184.4","25,703.3","27,009.1","25,703.3","686.07K","1.87%"
"09/23/2020","25,703.3","25,772.1","25,978.2","25,703.3","570.14K","0.27%"
"09/22/2020","25,634.6","24,672.4","25,772.1","24,603.7","784.92K","3.04%"
"09/21/2020","24,878.6","25,084.8","25,153.5","24,741.2","252.73K","0.28%"
"09/18/2020","24,809.9","25,016.1","25,084.8","24,672.4","219.99K","-0.82%"
"09/17/2020","25,016.1","24,741.2","25,153.5","24,535.0","249.58K","1.11%"
"09/16/2020","24,741.2","24,535.0","25,084.8","24,397.5","120.55K","0.84%"
"09/15/2020","24,535.0","24,741.2","24,741.2","24,535.0","412.99K","-0.83%"
"09/14/2020","24,741.2","24,947.3","25,084.8","24,741.2","559.19K","-0.83%"
"09/11/2020","24,947.3","24,741.2","25,359.7","24,397.5","588.67K","0.00%"
"09/10/2020","24,947.3","25,153.5","25,359.7","24,947.3","405.88K","-0.82%"
"09/09/2020","25,153.5","25,428.4","25,909.5","24,741.2","924.86K","-1.35%"
"09/08/2020","25,497.2","25,222.3","25,772.1","25,084.8","481.33K","1.09%"
"09/07/2020","25,222.3","25,291.0","25,909.5","25,153.5","685.72K","-0.27%"
"09/04/2020","25,291.0","24,672.4","26,047.0","24,328.8","1.61M","2.22%"
"09/03/2020","24,741.2","24,122.6","25,016.1","23,985.2","456.57K","2.86%"
"09/01/2020","24,053.9","24,260.1","24,260.1","23,710.3","469.27K","-0.85%"
"08/31/2020","24,260.1","24,878.6","24,878.6","23,779.0","731.39K","-1.67%"
"08/28/2020","24,672.4","24,878.6","25,016.1","24,535.0","598.36K","0.56%"
"08/27/2020","24,535.0","24,741.2","25,772.1","24,053.9","800.68K","2.00%"
"08/26/2020","24,053.9","22,267.1","24,053.9","22,267.1","1.12M","8.02%"
"08/25/2020","22,267.1","21,992.2","23,023.0","21,992.2","948.30K","1.25%"
"08/24/2020","21,992.2","21,992.2","22,542.0","21,854.7","687.28K","0.00%"
"08/21/2020","21,992.2","22,060.9","22,610.7","21,992.2","598.09K","-0.31%"
"08/20/2020","22,060.9","22,335.8","22,335.8","21,854.7","581.29K","-0.62%"
"08/19/2020","22,198.3","19,930.4","22,679.4","19,930.4","1.47M","7.67%"
"08/18/2020","20,617.6","20,961.3","21,098.7","20,274.0","348.05K","-0.66%"
"08/17/2020","20,755.1","20,274.0","21,717.3","19,243.1","627.70K","4.14%"
"08/14/2020","19,930.4","19,243.1","19,930.4","19,243.1","1.74M","9.85%"
"08/13/2020","18,143.5","18,143.5","18,143.5","18,143.5","398.04K","10.00%"
"08/12/2020","16,494.1","18,006.1","18,349.7","16,494.1","608.74K","-8.40%"
"08/11/2020","18,006.1","17,799.9","18,074.8","17,799.9","79.45K","1.55%"
"08/10/2020","17,731.2","17,937.4","18,006.1","17,731.2","86.91K","-0.77%"
"08/07/2020","17,868.6","17,868.6","17,868.6","17,731.2","48.90K","-0.38%"
"08/06/2020","17,937.4","17,799.9","17,937.4","17,731.2","36.67K","0.00%"
"08/05/2020","17,937.4","17,662.4","17,937.4","17,662.4","13.72K","0.77%"
"08/04/2020","17,799.9","17,868.6","17,868.6","17,799.9","19.55K","-0.38%"
"08/03/2020","17,868.6","17,868.6","18,006.1","17,868.6","38.38K","0.77%"
"07/31/2020","17,731.2","17,868.6","18,006.1","17,731.2","34.89K","-1.90%"
"07/30/2020","18,074.8","17,937.4","18,212.3","17,937.4","45.30K","0.77%"
"07/29/2020","17,937.4","17,662.4","18,006.1","17,250.1","97.07K","0.39%"
"07/28/2020","17,868.6","17,456.3","17,868.6","17,456.3","6.76K","2.36%"
"07/27/2020","17,456.3","17,525.0","17,525.0","17,112.6","326.51K","-0.78%"
"07/24/2020","17,593.7","18,074.8","18,074.8","17,318.8","222.10K","-2.29%"
"07/23/2020","18,006.1","17,525.0","18,006.1","17,525.0","65.82K","2.34%"
"07/22/2020","17,593.7","17,799.9","17,868.6","17,456.3","142.31K","-1.16%"
"07/21/2020","17,799.9","17,937.4","17,937.4","17,525.0","38.18K","-0.38%"
"07/20/2020","17,868.6","18,074.8","18,074.8","17,181.4","290.82K","-1.14%"
"07/17/2020","18,074.8","18,349.7","18,349.7","18,074.8","191.51K","-1.50%"
"07/16/2020","18,349.7","18,555.9","18,830.8","18,212.3","100.49K","-1.11%"
"07/15/2020","18,555.9","18,555.9","18,555.9","18,074.8","51.44K","0.37%"
"07/14/2020","18,487.2","19,037.0","19,311.9","18,349.7","73.91K","1.13%"
"07/13/2020","18,281.0","19,037.0","19,037.0","18,212.3","38.25K","0.00%"
"07/10/2020","18,281.0","18,349.7","18,555.9","18,212.3","47.68K","0.38%"
"07/09/2020","18,212.3","17,937.4","18,899.5","17,937.4","95.49K","0.00%"
"07/08/2020","18,212.3","18,212.3","18,555.9","18,074.8","84.88K","0.00%"
"07/07/2020","18,212.3","18,349.7","18,487.2","18,212.3","196.95K","-0.75%"
"07/06/2020","18,349.7","18,830.8","18,830.8","18,349.7","64.12K","-2.55%"
"07/03/2020","18,830.8","18,624.6","18,968.2","18,624.6","29.41K","-0.36%"
"07/02/2020","18,899.5","18,762.1","18,968.2","18,693.3","156.09K","0.73%"
"07/01/2020","18,762.1","18,006.1","18,899.5","18,006.1","203.80K","4.20%"
"06/30/2020","18,006.1","18,281.0","18,418.4","17,799.9","384.93K","-0.76%"
"06/29/2020","18,143.5","19,311.9","19,449.3","17,593.7","569.18K","-6.05%"
"06/26/2020","19,311.9","19,586.8","19,792.9","19,311.9","528.11K","0.00%"
"06/25/2020","19,311.9","19,792.9","20,617.6","19,243.1","272.21K","-2.77%"
"06/24/2020","19,861.7","18,899.5","20,686.4","18,899.5","1.65M","5.09%"
"06/23/2020","18,899.5","18,555.9","18,968.2","18,555.9","385.00K","1.48%"
"06/22/2020","18,624.6","18,899.5","18,968.2","18,555.9","144.22K","-1.10%"
"06/19/2020","18,830.8","18,143.5","19,792.9","18,143.5","382.33K","4.58%"
"06/18/2020","18,006.1","17,799.9","18,074.8","17,799.9","198.40K","0.77%"
"06/17/2020","17,868.6","17,868.6","17,868.6","17,731.2","94.24K","0.39%"
"06/16/2020","17,799.9","17,112.6","18,899.5","17,112.6","128.31K","3.60%"
"06/15/2020","17,181.4","17,043.9","17,250.1","17,043.9","141.64K","-0.79%"
"06/12/2020","17,318.8","17,181.4","17,318.8","17,043.9","139.14K","0.00%"
"06/11/2020","17,318.8","17,181.4","17,318.8","17,181.4","81.28K","0.00%"
"06/10/2020","17,318.8","17,250.1","17,318.8","17,112.6","98.52K","0.00%"
"06/09/2020","17,318.8","17,456.3","17,456.3","17,112.6","118.56K","0.00%"
"06/08/2020","17,318.8","17,181.4","17,318.8","17,181.4","232.60K","0.00%"
"06/05/2020","17,318.8","17,181.4","17,318.8","17,181.4","69.53K","0.00%"
"06/04/2020","17,318.8","17,250.1","17,318.8","16,975.2","77.30K","0.00%"
"06/03/2020","17,318.8","17,112.6","17,318.8","17,043.9","116.24K","0.40%"
"06/02/2020","17,250.1","17,181.4","17,250.1","17,112.6","130.68K","0.00%"
"06/01/2020","17,250.1","17,250.1","17,250.1","17,043.9","97.65K","0.00%"
"05/29/2020","17,250.1","17,181.4","17,250.1","17,112.6","47.47K","0.00%"
"05/28/2020","17,250.1","17,250.1","17,250.1","17,181.4","51.39K","0.00%"
"05/27/2020","17,250.1","17,318.8","17,318.8","17,181.4","40.75K","-0.40%"
"05/26/2020","17,318.8","17,112.6","17,318.8","17,043.9","87.58K","0.40%"
"05/25/2020","17,250.1","17,043.9","17,250.1","16,906.5","179.91K","0.80%"
"05/22/2020","17,112.6","17,181.4","17,181.4","17,112.6","89.63K","-0.80%"
"05/21/2020","17,250.1","17,181.4","17,250.1","17,043.9","86.31K","0.00%"
"05/20/2020","17,250.1","17,250.1","17,250.1","17,043.9","109.81K","-0.40%"
"05/19/2020","17,318.8","17,112.6","17,318.8","17,112.6","144.77K","0.80%"
"05/18/2020","17,181.4","17,318.8","17,318.8","17,181.4","44.31K","-1.19%"
"05/15/2020","17,387.5","17,250.1","17,387.5","17,181.4","67.59K","0.40%"
"05/14/2020","17,318.8","17,318.8","17,318.8","17,250.1","38.33K","-0.40%"
"05/13/2020","17,387.5","17,456.3","17,456.3","17,318.8","41.74K","-0.39%"
"05/12/2020","17,456.3","17,387.5","17,456.3","17,318.8","90.82K","0.00%"
"05/11/2020","17,456.3","17,387.5","17,456.3","17,112.6","125.61K","0.00%"
"05/08/2020","17,456.3","17,456.3","17,593.7","17,456.3","40.27K","-0.78%"
"05/07/2020","17,593.7","17,456.3","17,593.7","17,387.5","100.72K","0.79%"
"05/06/2020","17,456.3","17,250.1","17,525.0","17,181.4","55.83K","0.00%"
"05/05/2020","17,456.3","17,525.0","17,525.0","17,456.3","54.77K","-1.17%"
"05/04/2020","17,662.4","17,799.9","17,799.9","17,593.7","34.28K","-0.77%"
"04/29/2020","17,799.9","17,593.7","17,799.9","17,593.7","78.45K","1.57%"
"04/28/2020","17,525.0","17,318.8","17,525.0","17,318.8","101.16K","1.19%"
"04/27/2020","17,318.8","17,181.4","17,318.8","17,112.6","187.97K","0.40%"
"04/24/2020","17,250.1","17,181.4","17,250.1","17,181.4","135.45K","0.00%"
"04/23/2020","17,250.1","17,181.4","17,250.1","17,043.9","112.73K","0.40%"
"04/22/2020","17,181.4","17,250.1","17,250.1","16,975.2","133.19K","-0.40%"
"04/21/2020","17,250.1","17,250.1","17,250.1","16,906.5","95.81K","0.00%"
"04/20/2020","17,250.1","17,250.1","17,318.8","17,181.4","110.54K","0.00%"
"04/17/2020","17,250.1","17,112.6","17,250.1","17,112.6","300.19K","0.40%"
"04/16/2020","17,181.4","17,181.4","17,181.4","17,043.9","164.50K","0.00%"
"04/15/2020","17,181.4","16,906.5","17,181.4","16,837.7","543.14K","1.21%"
"04/14/2020","16,975.2","16,906.5","16,975.2","16,837.7","85.86K","0.00%"
"04/13/2020","16,975.2","16,906.5","16,975.2","16,837.7","208.28K","0.41%"
"04/10/2020","16,906.5","16,906.5","16,975.2","16,906.5","153.23K","-0.40%"
"04/09/2020","16,975.2","16,975.2","17,043.9","16,837.7","292.64K","-0.40%"
"04/08/2020","17,043.9","16,975.2","17,043.9","16,837.7","211.68K","0.00%"
"04/07/2020","17,043.9","16,906.5","17,043.9","16,906.5","96.68K","0.00%"
"04/06/2020","17,043.9","16,837.7","17,043.9","16,837.7","182.60K","0.40%"
"04/03/2020","16,975.2","16,906.5","16,975.2","16,837.7","294.91K","0.41%"
"04/01/2020","16,906.5","16,837.7","16,906.5","16,700.3","134.03K","0.41%"
"03/31/2020","16,837.7","16,631.6","16,975.2","16,631.6","150.82K","-0.41%"
"03/30/2020","16,906.5","16,906.5","16,906.5","16,631.6","237.96K","0.00%"
"03/27/2020","16,906.5","16,769.0","16,906.5","16,769.0","221.31K","0.41%"
"03/26/2020","16,837.7","16,837.7","16,906.5","16,700.3","280.57K","0.00%"
"03/25/2020","16,837.7","16,837.7","16,975.2","16,700.3","229.10K","0.00%"
"03/24/2020","16,837.7","16,700.3","16,837.7","16,356.7","193.72K","0.82%"
"03/23/2020","16,700.3","16,562.8","16,700.3","15,944.3","432.03K","0.41%"
"03/20/2020","16,631.6","16,975.2","17,181.4","16,562.8","515.79K","-2.81%"
"03/19/2020","17,112.6","16,700.3","17,112.6","16,494.1","228.83K","0.00%"
"03/18/2020","17,112.6","16,769.0","17,112.6","16,631.6","202.03K","0.40%"
"03/17/2020","17,043.9","16,837.7","17,181.4","16,631.6","202.36K","-0.40%"
"03/16/2020","17,112.6","17,112.6","17,181.4","16,837.7","132.56K","-0.80%"
"03/13/2020","17,250.1","16,769.0","17,250.1","16,769.0","109.50K","0.40%"
"03/12/2020","17,181.4","16,494.1","17,181.4","16,494.1","119.10K","0.00%"
"03/11/2020","17,181.4","17,043.9","17,181.4","16,837.7","122.13K","1.21%"
"03/10/2020","16,975.2","16,837.7","17,318.8","16,837.7","217.88K","-1.59%"
"03/09/2020","17,250.1","17,456.3","17,731.2","16,562.8","267.87K","-1.57%"
"03/06/2020","17,525.0","17,387.5","17,525.0","17,181.4","109.60K","0.00%"
"03/05/2020","17,525.0","17,387.5","17,593.7","17,387.5","71.62K","0.00%"
"03/04/2020","17,525.0","17,593.7","17,937.4","17,387.5","84.15K","-0.39%"
"03/03/2020","17,593.7","17,525.0","17,868.6","17,525.0","195.94K","0.79%"
"03/02/2020","17,456.3","17,181.4","17,456.3","17,112.6","29.41K","1.60%"
"02/28/2020","17,181.4","16,494.1","17,181.4","16,494.1","153.02K","2.04%"
"02/27/2020","16,837.7","16,631.6","16,837.7","16,494.1","99.33K","0.82%"
"02/26/2020","16,700.3","16,562.8","16,700.3","16,356.7","84.15K","0.41%"
"02/25/2020","16,631.6","15,806.9","16,631.6","15,806.9","97.20K","0.42%"
"02/24/2020","16,562.8","16,906.5","16,906.5","16,494.1","153.07K","-2.82%"
"02/21/2020","17,043.9","16,906.5","17,043.9","16,837.7","46.21K","0.00%"
"02/20/2020","17,043.9","16,975.2","17,043.9","16,975.2","68.46K","0.00%"
"02/19/2020","17,043.9","17,043.9","17,043.9","16,975.2","12.67K","0.00%"
"02/18/2020","17,043.9","17,043.9","17,043.9","16,975.2","39.84K","0.00%"
"02/17/2020","17,043.9","17,250.1","17,250.1","16,975.2","49.89K","0.00%"
"02/14/2020","17,043.9","17,043.9","17,181.4","17,043.9","71.21K","-1.20%"
"02/13/2020","17,250.1","17,112.6","17,250.1","17,043.9","57.90K","0.00%"
"02/12/2020","17,250.1","17,250.1","17,318.8","17,112.6","136.58K","0.00%"
"02/11/2020","17,250.1","17,181.4","17,250.1","17,112.6","196.04K","0.00%"
"02/10/2020","17,250.1","17,250.1","17,250.1","17,112.6","151.41K","0.00%"
"02/07/2020","17,250.1","17,181.4","17,250.1","17,112.6","58.41K","0.00%"
"02/06/2020","17,250.1","17,250.1","17,250.1","17,181.4","119.24K","0.00%"
"02/05/2020","17,250.1","17,250.1","17,387.5","17,112.6","244.27K","-0.79%"
"02/04/2020","17,387.5","17,181.4","17,387.5","17,181.4","162.36K","0.00%"
"02/03/2020","17,387.5","16,837.7","17,387.5","16,700.3","76.63K","0.00%"
"01/31/2020","17,387.5","17,525.0","17,662.4","17,387.5","79.28K","-1.94%"
"01/30/2020","17,731.2","17,662.4","17,731.2","17,250.1","156.14K","0.39%"
"01/22/2020","17,662.4","17,662.4","17,662.4","17,456.3","121.53K","-0.39%"
"01/21/2020","17,731.2","17,731.2","17,731.2","17,456.3","196.38K","0.00%"
"01/20/2020","17,731.2","17,731.2","17,731.2","17,525.0","25.76K","0.00%"
"01/17/2020","17,731.2","17,593.7","17,799.9","17,525.0","34.31K","0.78%"
"01/16/2020","17,593.7","17,387.5","17,593.7","17,318.8","207.73K","0.00%"
"01/15/2020","17,593.7","17,318.8","17,593.7","17,318.8","50.75K","0.00%"
"01/14/2020","17,593.7","17,318.8","17,593.7","17,318.8","127.29K","0.00%"
"01/13/2020","17,593.7","17,593.7","17,593.7","17,250.1","149.96K","0.00%"
"01/10/2020","17,593.7","17,318.8","17,593.7","15,806.9","164.90K","0.79%"
"01/09/2020","17,456.3","18,555.9","18,555.9","17,318.8","118.31K","0.00%"
"01/08/2020","17,456.3","17,731.2","17,799.9","17,387.5","330.14K","-1.55%"
"01/07/2020","17,731.2","17,799.9","17,799.9","17,731.2","80.65K","-0.39%"
"01/06/2020","17,799.9","17,937.4","17,937.4","17,799.9","178.52K","-0.77%"
"01/03/2020","17,937.4","18,418.4","18,418.4","17,937.4","104.58K","-1.51%"
"01/02/2020","18,212.3","18,418.4","18,418.4","18,212.3","41.41K","-1.49%"
"12/31/2019","18,487.2","18,487.2","18,487.2","18,418.4","36.96K","0.00%"
"12/30/2019","18,487.2","18,555.9","18,693.3","18,418.4","99.44K","-0.37%"
"12/27/2019","18,555.9","18,487.2","18,762.1","18,487.2","202.50K","0.37%"
"12/26/2019","18,487.2","18,487.2","18,555.9","18,487.2","94.58K","0.00%"
"12/25/2019","18,487.2","18,349.7","18,555.9","18,349.7","95.22K","0.00%"
"12/24/2019","18,487.2","18,487.2","18,555.9","18,349.7","147.42K","-0.37%"
"12/23/2019","18,555.9","18,899.5","18,899.5","18,349.7","138.49K","-0.37%"
"12/20/2019","18,624.6","18,487.2","18,693.3","18,487.2","258.11K","0.74%"
"12/19/2019","18,487.2","18,418.4","18,487.2","18,349.7","269.31K","0.00%"
"12/18/2019","18,487.2","18,418.4","18,487.2","18,143.5","346.48K","0.00%"
"12/17/2019","18,487.2","18,624.6","18,624.6","18,349.7","270.37K","0.00%"
"12/16/2019","18,487.2","18,349.7","18,487.2","17,868.6","158.40K","0.00%"
"12/13/2019","18,487.2","18,555.9","18,624.6","18,487.2","173.70K","-0.74%"
"12/12/2019","18,624.6","18,555.9","18,830.8","18,555.9","318.69K","-0.37%"
"12/11/2019","18,693.3","18,693.3","18,693.3","18,624.6","32.35K","0.00%"
"12/10/2019","18,693.3","18,624.6","18,899.5","18,555.9","341.08K","0.37%"
"12/09/2019","18,624.6","18,555.9","18,624.6","18,555.9","160.26K","0.00%"
"12/06/2019","18,624.6","18,624.6","18,624.6","18,418.4","200.56K","0.00%"
"12/05/2019","18,624.6","18,487.2","18,624.6","18,418.4","320.89K","0.00%"
"12/04/2019","18,624.6","18,487.2","18,624.6","18,418.4","646.26K","0.00%"
"12/03/2019","18,624.6","18,555.9","18,624.6","18,418.4","303.54K","0.00%"
"12/02/2019","18,624.6","18,555.9","18,624.6","18,418.4","272.09K","0.00%"
"11/29/2019","18,624.6","18,693.3","18,693.3","18,555.9","116.37K","-0.37%"
"11/28/2019","18,693.3","18,899.5","18,899.5","18,624.6","152.25K","0.00%"
"11/27/2019","18,693.3","18,693.3","18,693.3","18,555.9","325.74K","0.00%"
"11/26/2019","18,693.3","18,624.6","18,693.3","18,624.6","59.31K","-0.37%"
"11/25/2019","18,762.1","18,555.9","18,762.1","18,555.9","366.31K","0.00%"
"11/22/2019","18,762.1","18,762.1","18,762.1","18,624.6","741.58K","0.00%"
"11/21/2019","18,762.1","18,624.6","18,762.1","18,624.6","621.57K","0.00%"
"11/20/2019","18,762.1","18,762.1","18,762.1","18,624.6","162.02K","0.00%"
"11/19/2019","18,762.1","18,830.8","18,830.8","18,555.9","384.13K","-0.36%"
"11/18/2019","18,830.8","18,830.8","18,830.8","18,624.6","176.62K","0.00%"
"11/15/2019","18,830.8","18,693.3","18,830.8","18,487.2","389.04K","0.37%"
"11/14/2019","18,762.1","17,868.6","18,762.1","17,868.6","664.02K","0.00%"
"11/13/2019","18,762.1","18,693.3","18,762.1","18,555.9","581.74K","0.00%"
"11/12/2019","18,762.1","18,487.2","18,762.1","18,487.2","406.20K","0.74%"
"11/11/2019","18,624.6","18,899.5","18,899.5","18,074.8","347.66K","-0.73%"
"11/08/2019","18,762.1","18,693.3","18,762.1","18,624.6","563.83K","0.74%"
"11/07/2019","18,624.6","18,762.1","18,830.8","18,624.6","313.99K","-0.73%"
"11/06/2019","18,762.1","18,555.9","18,968.2","18,418.4","797.87K","1.11%"
"11/05/2019","18,555.9","18,349.7","18,555.9","18,281.0","645.01K","0.75%"
"11/04/2019","18,418.4","18,555.9","18,555.9","18,212.3","722.03K","0.00%"
"11/01/2019","18,418.4","18,693.3","18,830.8","18,418.4","707.88K","-0.74%"
"10/31/2019","18,555.9","18,349.7","18,624.6","18,349.7","649.40K","1.50%"
"10/30/2019","18,281.0","18,212.3","18,281.0","18,212.3","361.95K","0.00%"
"10/29/2019","18,281.0","18,212.3","18,281.0","18,143.5","265.36K","0.00%"
"10/28/2019","18,281.0","18,212.3","18,281.0","18,143.5","261.29K","0.00%"
"10/25/2019","18,281.0","18,212.3","18,281.0","18,143.5","720.58K","0.00%"
"10/24/2019","18,281.0","18,212.3","18,281.0","18,212.3","177.42K","0.38%"
"10/23/2019","18,212.3","18,143.5","18,281.0","18,143.5","201.78K","0.00%"
"10/22/2019","18,212.3","18,212.3","18,281.0","18,143.5","346.93K","0.00%"
"10/21/2019","18,212.3","18,212.3","18,349.7","18,143.5","214.57K","0.00%"
"10/18/2019","18,212.3","18,281.0","18,281.0","18,212.3","454.68K","0.00%"
"10/17/2019","18,212.3","18,143.5","18,349.7","18,143.5","344.80K","0.00%"
"10/16/2019","18,212.3","18,281.0","18,281.0","18,143.5","334.67K","-0.38%"
"10/15/2019","18,281.0","18,143.5","18,281.0","18,074.8","326.03K","0.00%"
"10/14/2019","18,281.0","18,143.5","18,281.0","18,006.1","782.05K","0.00%"
"10/11/2019","18,281.0","18,281.0","18,349.7","18,281.0","132.95K","0.00%"
"10/10/2019","18,281.0","18,693.3","18,899.5","18,281.0","845.59K","-2.21%"
"10/09/2019","18,693.3","18,212.3","18,899.5","18,212.3","1.64M","2.64%"
"10/08/2019","18,212.3","18,212.3","18,212.3","18,006.1","484.85K","0.00%"
"10/07/2019","18,212.3","18,212.3","18,212.3","18,006.1","611.05K","0.00%"
"10/04/2019","18,212.3","18,143.5","18,212.3","18,006.1","590.60K","0.38%"
"10/03/2019","18,143.5","18,074.8","18,143.5","18,006.1","714.65K","0.00%"
"10/02/2019","18,143.5","18,143.5","18,143.5","18,074.8","424.29K","0.00%"
"10/01/2019","18,143.5","18,074.8","18,143.5","18,006.1","350.62K","0.00%"
"09/30/2019","18,143.5","18,006.1","18,143.5","18,006.1","410.06K","0.00%"
"09/27/2019","18,143.5","18,143.5","18,143.5","18,006.1","238.73K","0.00%"
"09/26/2019","18,143.5","18,143.5","18,143.5","18,006.1","416.03K","0.00%"
"09/25/2019","18,143.5","18,143.5","18,143.5","17,937.4","400.83K","0.00%"
"09/24/2019","18,143.5","18,143.5","18,143.5","17,868.6","650.30K","0.00%"
"09/23/2019","18,143.5","18,143.5","18,212.3","18,006.1","501.92K","-0.38%"
"09/20/2019","18,212.3","18,281.0","18,281.0","18,074.8","688.07K","-0.38%"
"09/19/2019","18,281.0","18,281.0","18,281.0","18,143.5","420.36K","0.00%"
"09/18/2019","18,281.0","18,212.3","18,349.7","18,143.5","220.77K","0.00%"
"09/17/2019","18,281.0","18,349.7","18,349.7","18,212.3","312.44K","0.00%"
"09/16/2019","18,281.0","18,143.5","18,281.0","18,143.5","233.27K","0.38%"
"09/13/2019","18,212.3","18,143.5","18,212.3","18,006.1","614.04K","0.38%"
"09/12/2019","18,143.5","18,143.5","18,212.3","18,006.1","272.56K","0.00%"
"09/11/2019","18,143.5","18,006.1","18,143.5","18,006.1","193.22K","0.38%"
"09/10/2019","18,074.8","18,074.8","18,143.5","18,006.1","598.81K","-0.38%"
"09/09/2019","18,143.5","18,074.8","18,143.5","18,006.1","412.68K","0.00%"
"09/06/2019","18,143.5","18,143.5","18,143.5","18,006.1","540.09K","0.00%"
"09/05/2019","18,143.5","17,868.6","18,143.5","17,868.6","579.01K","1.93%"
"09/04/2019","17,799.9","17,731.2","18,006.1","17,662.4","517.50K","0.39%"
"09/03/2019","17,731.2","18,212.3","18,212.3","17,731.2","278.80K","-2.27%"
"08/30/2019","18,143.5","18,143.5","18,143.5","18,006.1","324.08K","0.00%"
"08/29/2019","18,143.5","18,006.1","18,143.5","17,868.6","671.89K","0.00%"
"08/28/2019","18,143.5","17,593.7","18,143.5","17,593.7","543.60K","0.00%"
"08/27/2019","18,143.5","18,074.8","18,212.3","18,006.1","657.18K","0.00%"
"08/26/2019","18,143.5","18,006.1","18,143.5","17,937.4","572.63K","0.76%"
"08/23/2019","18,006.1","18,212.3","18,281.0","18,006.1","382.60K","-1.87%"
"08/22/2019","18,349.7","18,281.0","18,555.9","18,212.3","584.69K","0.38%"
"08/21/2019","18,281.0","18,074.8","18,349.7","17,868.6","974.46K","1.14%"
"08/20/2019","18,074.8","18,281.0","18,349.7","18,074.8","520.11K","-1.50%"
"08/19/2019","18,349.7","18,418.4","18,418.4","18,212.3","415.96K","-0.37%"
"08/16/2019","18,418.4","17,937.4","18,555.9","17,868.6","893.48K","2.29%"
"08/15/2019","18,006.1","18,006.1","18,074.8","17,868.6","283.79K","-0.76%"
"08/14/2019","18,143.5","18,006.1","18,143.5","18,006.1","261.77K","0.00%"
"08/13/2019","18,143.5","18,212.3","18,212.3","18,006.1","258.03K","-0.38%"
"08/12/2019","18,212.3","18,143.5","18,212.3","18,006.1","323.86K","0.00%"
"08/09/2019","18,212.3","18,212.3","18,281.0","17,937.4","470.34K","0.00%"
"08/08/2019","18,212.3","18,212.3","18,281.0","18,143.5","129.99K","0.00%"
"08/07/2019","18,212.3","18,212.3","18,281.0","18,006.1","353.91K","1.15%"
"08/06/2019","18,006.1","18,212.3","18,418.4","18,006.1","544.47K","-1.87%"
"08/05/2019","18,349.7","18,555.9","18,624.6","18,281.0","535.43K","-1.11%"
"08/02/2019","18,555.9","18,006.1","18,555.9","17,868.6","535.13K","2.66%"
"08/01/2019","18,074.8","18,006.1","18,074.8","17,868.6","513.13K","0.38%"
"07/31/2019","18,006.1","17,868.6","18,006.1","17,593.7","674.29K","1.16%"
"07/30/2019","17,799.9","18,074.8","18,143.5","17,799.9","407.41K","-0.77%"
"07/29/2019","17,937.4","17,799.9","17,937.4","17,731.2","412.86K","0.00%"
"07/26/2019","17,937.4","17,937.4","18,074.8","17,731.2","457.86K","-0.76%"
"07/25/2019","18,074.8","17,937.4","18,074.8","17,525.0","1.11M","0.00%"
"07/24/2019","18,074.8","18,212.3","18,212.3","17,937.4","339.61K","-0.38%"
"07/23/2019","18,143.5","18,212.3","18,212.3","18,006.1","224.27K","-0.38%"
"07/22/2019","18,212.3","18,074.8","18,212.3","17,937.4","232.28K","0.38%"
"07/19/2019","18,143.5","18,281.0","18,281.0","18,143.5","329.57K","-0.75%"
"07/18/2019","18,281.0","18,212.3","18,281.0","18,143.5","246.63K","0.38%"
"07/17/2019","18,212.3","18,074.8","18,349.7","18,074.8","617.55K","0.76%"
"07/16/2019","18,074.8","18,074.8","18,143.5","17,937.4","454.62K","0.38%"
"07/15/2019","18,006.1","17,799.9","18,074.8","17,662.4","797.81K","1.16%"
"07/12/2019","17,799.9","18,006.1","18,143.5","17,799.9","1.04M","-1.15%"
"07/11/2019","18,006.1","17,937.4","18,006.1","17,593.7","1.03M","0.00%"
"07/10/2019","18,006.1","18,074.8","18,143.5","17,937.4","655.30K","-0.38%"
"07/09/2019","18,074.8","18,006.1","18,349.7","16,356.7","417.31K","-0.38%"
"07/08/2019","18,143.5","18,143.5","18,212.3","18,006.1","559.30K","0.00%"
"07/05/2019","18,143.5","18,143.5","18,212.3","18,006.1","366.80K","0.00%"
"07/04/2019","18,143.5","18,349.7","18,349.7","18,074.8","302.24K","0.00%"
"07/03/2019","18,143.5","18,349.7","18,349.7","18,074.8","259.77K","-0.38%"
"07/02/2019","18,212.3","18,143.5","18,349.7","18,006.1","279.21K","0.38%"
"07/01/2019","18,143.5","18,143.5","18,487.2","18,074.8","676.68K","0.38%"
"06/28/2019","18,074.8","18,143.5","18,349.7","16,494.1","1.27M","-0.38%"
"06/27/2019","18,143.5","18,212.3","18,349.7","17,937.4","801.21K","-0.38%"
"06/26/2019","18,212.3","18,212.3","18,555.9","18,143.5","875.31K","-1.12%"
"06/25/2019","18,418.4","19,243.1","19,243.1","17,318.8","1.71M","-4.29%"
"06/24/2019","19,243.1","19,518.0","19,518.0","19,243.1","346.63K","-0.36%"
"06/21/2019","19,311.9","19,174.4","19,792.9","19,037.0","1.30M","0.72%"
"06/20/2019","19,174.4","19,174.4","19,243.1","18,968.2","1.49M","0.00%"
"06/19/2019","19,174.4","19,174.4","19,311.9","19,105.7","769.75K","0.36%"
"06/18/2019","19,105.7","19,380.6","19,518.0","19,105.7","428.83K","-1.07%"
"06/17/2019","19,311.9","18,212.3","19,586.8","18,212.3","3.29M","6.04%"
"06/14/2019","18,212.3","18,074.8","18,212.3","18,006.1","116.08K","0.38%"
"06/13/2019","18,143.5","18,143.5","18,143.5","17,937.4","251.89K","0.00%"
"06/12/2019","18,143.5","18,074.8","18,212.3","18,006.1","128.44K","0.00%"
"06/11/2019","18,143.5","17,525.0","18,212.3","17,525.0","230.68K","0.00%"
"06/10/2019","18,143.5","18,212.3","18,212.3","18,074.8","311.89K","0.38%"
"06/07/2019","18,074.8","18,143.5","18,143.5","18,006.1","357.69K","0.38%"
"06/06/2019","18,006.1","18,212.3","18,349.7","18,006.1","378.52K","-1.50%"
"06/05/2019","18,281.0","18,074.8","18,281.0","17,937.4","416.26K","1.14%"
"06/04/2019","18,074.8","17,868.6","18,074.8","17,799.9","605.88K","0.77%"
"06/03/2019","17,937.4","18,006.1","18,006.1","17,868.6","511.28K","-0.76%"
"05/31/2019","18,074.8","18,074.8","18,143.5","17,868.6","341.41K","-0.38%"
"05/30/2019","18,143.5","18,074.8","18,143.5","17,868.6","146.28K","0.38%"
"05/29/2019","18,074.8","18,281.0","18,281.0","17,937.4","302.01K","-1.13%"
"05/28/2019","18,281.0","18,487.2","18,487.2","18,212.3","515.99K","-1.12%"
"05/27/2019","18,487.2","18,487.2","18,555.9","18,281.0","271.01K","0.00%"
"05/24/2019","18,487.2","18,143.5","18,624.6","18,143.5","856.84K","1.51%"
"05/23/2019","18,212.3","18,074.8","18,212.3","17,868.6","376.64K","0.76%"
"05/22/2019","18,074.8","18,074.8","18,074.8","17,937.4","364.94K","0.00%"
"05/21/2019","18,074.8","18,074.8","18,212.3","17,868.6","393.18K","0.38%"
"05/20/2019","18,006.1","17,799.9","18,074.8","17,799.9","720.87K","1.55%"
"05/17/2019","17,731.2","17,799.9","18,212.3","17,731.2","427.38K","-0.39%"
"05/16/2019","17,799.9","17,937.4","18,006.1","17,799.9","640.51K","-0.77%"
"05/15/2019","17,937.4","18,143.5","18,212.3","17,937.4","301.74K","-1.14%"
"05/14/2019","18,143.5","17,937.4","18,212.3","17,799.9","528.54K","1.15%"
"05/13/2019","17,937.4","18,006.1","18,212.3","17,731.2","663.00K","-1.51%"
"05/10/2019","18,212.3","18,487.2","18,555.9","18,212.3","319.61K","-1.12%"
"05/09/2019","18,418.4","18,555.9","18,555.9","18,143.5","232.44K","0.00%"
"05/08/2019","18,418.4","18,212.3","18,418.4","17,937.4","390.46K","1.13%"
"05/07/2019","18,212.3","18,418.4","18,487.2","18,143.5","418.79K","0.00%"
"05/06/2019","18,212.3","18,555.9","18,624.6","18,212.3","702.22K","-2.93%"
"05/03/2019","18,762.1","18,830.8","18,899.5","18,762.1","398.50K","-0.36%"
"05/02/2019","18,830.8","19,105.7","19,105.7","18,762.1","493.52K","-0.72%"
"04/26/2019","18,968.2","18,349.7","19,311.9","18,349.7","2.82M","3.76%"
"04/25/2019","18,281.0","18,487.2","18,555.9","18,281.0","293.52K","0.00%"
"04/24/2019","18,281.0","18,281.0","18,487.2","18,143.5","312.76K","-0.75%"
"04/23/2019","18,418.4","18,006.1","18,418.4","18,006.1","562.39K","2.29%"
"04/22/2019","18,006.1","18,281.0","18,624.6","18,006.1","689.24K","-1.50%"
"04/19/2019","18,281.0","18,281.0","18,418.4","18,143.5","445.17K","0.38%"
"04/18/2019","18,212.3","18,006.1","18,349.7","17,593.7","743.04K","1.92%"
"04/17/2019","17,868.6","18,074.8","18,212.3","17,799.9","624.76K","-0.76%"
"04/16/2019","18,006.1","18,418.4","18,418.4","18,006.1","390.36K","-2.60%"
"04/12/2019","18,487.2","18,555.9","18,555.9","18,349.7","369.04K","-0.37%"
"04/11/2019","18,555.9","18,487.2","18,624.6","18,212.3","481.23K","0.37%"
"04/10/2019","18,487.2","18,143.5","18,555.9","17,868.6","823.36K","1.51%"
"04/09/2019","18,212.3","18,693.3","18,693.3","18,212.3","940.53K","-2.57%"
"04/08/2019","18,693.3","18,899.5","18,899.5","17,937.4","2.54M","-1.09%"
"04/05/2019","18,899.5","17,525.0","18,899.5","17,181.4","2.10M","8.70%"
"04/04/2019","17,387.5","16,975.2","17,868.6","16,975.2","679.75K","-0.39%"
"04/03/2019","17,456.3","18,418.4","18,418.4","17,043.9","3.88M","-5.22%"
"04/02/2019","18,418.4","18,968.2","18,968.2","18,212.3","2.51M","-3.94%"
"04/01/2019","19,174.4","20,411.5","20,411.5","18,693.3","1.87M","3.33%"
"03/29/2019","18,555.9","17,250.1","18,968.2","16,837.7","5.59M","5.06%"
"03/28/2019","17,662.4","19,586.8","19,586.8","17,662.4","6.48M","-9.82%"
"03/27/2019","19,586.8","19,792.9","19,792.9","19,174.4","1.16M","1.06%"
"03/26/2019","19,380.6","19,380.6","19,449.3","19,243.1","623.74K","1.08%"
"03/25/2019","19,174.4","19,311.9","19,311.9","19,037.0","1.36M","-1.41%"
"03/22/2019","19,449.3","19,243.1","19,449.3","19,174.4","817.91K","1.07%"
"03/21/2019","19,243.1","19,724.2","19,724.2","19,243.1","863.36K","-2.44%"
"03/20/2019","19,724.2","19,655.5","19,724.2","19,105.7","2.40M","0.00%"
"03/19/2019","19,724.2","19,861.7","19,861.7","19,586.8","1.52M","-1.03%"
"03/18/2019","19,930.4","19,655.5","20,136.6","19,655.5","1.56M","-0.34%"
"03/15/2019","19,999.1","19,792.9","20,274.0","19,655.5","1.71M","1.04%"
"03/14/2019","19,792.9","19,518.0","19,861.7","19,449.3","1.30M","1.41%"
"03/13/2019","19,518.0","19,792.9","19,930.4","19,380.6","1.71M","-1.39%"
"03/12/2019","19,792.9","19,655.5","19,792.9","19,586.8","1.18M","0.70%"
"03/11/2019","19,655.5","19,861.7","19,861.7","19,518.0","778.44K","-0.69%"
"03/08/2019","19,792.9","19,586.8","19,861.7","19,449.3","1.92M","1.05%"
"03/07/2019","19,586.8","19,586.8","20,205.3","19,449.3","2.53M","0.35%"
"03/06/2019","19,518.0","19,243.1","19,518.0","19,243.1","1.47M","0.71%"
"03/05/2019","19,380.6","19,174.4","19,449.3","19,037.0","1.75M","1.08%"
"03/04/2019","19,174.4","19,380.6","19,518.0","17,731.2","1.65M","-1.06%"
"03/01/2019","19,380.6","18,899.5","19,380.6","18,899.5","1.46M","2.55%"
"02/28/2019","18,899.5","19,655.5","19,655.5","18,899.5","1.70M","-3.17%"
"02/27/2019","19,518.0","19,449.3","19,724.2","19,174.4","3.43M","1.79%"
"02/26/2019","19,174.4","18,762.1","19,311.9","18,762.1","1.51M","1.82%"
"02/25/2019","18,830.8","18,899.5","19,037.0","18,693.3","1.74M","-0.36%"
"02/22/2019","18,899.5","18,968.2","19,174.4","18,487.2","1.57M","-1.08%"
"02/21/2019","19,105.7","18,487.2","19,449.3","18,418.4","3.13M","2.96%"
"02/20/2019","18,555.9","18,555.9","18,624.6","18,349.7","1.55M","0.00%"
"02/19/2019","18,555.9","18,555.9","18,968.2","18,487.2","3.41M","0.37%"
"02/18/2019","18,487.2","17,387.5","18,487.2","17,250.1","4.46M","7.17%"
"02/15/2019","17,250.1","17,181.4","17,387.5","16,975.2","2.70M","0.40%"
"02/14/2019","17,181.4","16,769.0","17,250.1","16,700.3","2.70M","2.88%"
"02/13/2019","16,700.3","17,030.3","17,030.3","16,634.3","1.49M","-0.78%"
"02/12/2019","16,832.3","16,832.3","16,898.3","16,700.3","1.90M","0.00%"
"02/11/2019","16,832.3","16,964.3","17,162.3","16,766.3","1.10M","0.79%"
"02/01/2019","16,700.3","16,172.2","17,030.3","16,172.2","1.90M","3.69%"
"01/31/2019","16,106.2","15,842.2","16,172.2","15,644.1","1.20M","1.24%"
"01/30/2019","15,908.2","16,370.2","16,436.3","15,908.2","1.93M","-3.21%"
"01/29/2019","16,436.3","16,370.2","16,700.3","16,238.2","3.02M","-0.80%"
"01/28/2019","16,568.3","16,502.3","16,898.3","16,172.2","4.01M","1.62%"
"01/25/2019","16,304.2","15,842.2","16,436.3","15,578.1","3.32M","2.49%"
"01/24/2019","15,908.2","15,314.1","15,908.2","15,314.1","4.79M","3.88%"
"01/23/2019","15,314.1","14,786.0","15,380.1","14,786.0","2.77M","3.57%"
"01/22/2019","14,786.0","14,390.0","14,984.1","14,390.0","1.56M","2.75%"
"01/21/2019","14,390.0","14,522.0","14,786.0","14,324.0","2.41M","-0.91%"
"01/18/2019","14,522.0","14,984.1","14,984.1","14,522.0","3.22M","-2.65%"
"01/17/2019","14,918.0","15,182.1","15,182.1","14,918.0","1.47M","-1.31%"
"01/16/2019","15,116.1","15,314.1","15,512.1","15,050.1","2.08M","-1.72%"
"01/15/2019","15,380.1","15,578.1","15,578.1","15,380.1","1.10M","-0.43%"
"01/14/2019","15,446.1","15,248.1","15,710.2","15,116.1","3.46M","1.30%"
"01/11/2019","15,248.1","15,248.1","15,446.1","15,182.1","3.78M","0.00%"
"01/10/2019","15,248.1","14,984.1","15,248.1","14,786.0","1.84M","1.76%"
"01/09/2019","14,984.1","15,182.1","15,314.1","14,984.1","2.71M","-1.30%"
"01/08/2019","15,182.1","15,512.1","15,578.1","14,984.1","3.55M","0.00%"
"01/07/2019","15,182.1","13,069.8","15,248.1","13,069.8","2.07M","5.02%"
"01/04/2019","14,456.0","15,512.1","15,512.1","14,059.9","2.49M","-3.95%"
"01/03/2019","15,050.1","15,512.1","15,842.2","14,720.0","2.48M","-0.87%"
"01/02/2019","15,182.1","16,370.2","16,370.2","14,720.0","3.33M","1.77%"